country_code,country_name,funder_ref,funder_name,disbursements_90d_usd
CK,Cook Islands,NZ-1,New Zealand Ministry of Foreign Affairs and Trade,1037344.81
CK,Cook Islands,XM-DAC-46004,Asian Development Bank,572043.38
CK,Cook Islands,XM-DAC-41301,Food and Agriculture Organization (FAO),87520.99
CK,Cook Islands,XM-DAC-928,World Health Organization,5485.15
CK,Cook Islands,XM-DAC-41302,International Labour Organization (ILO),197.9
FJ,Fiji,XM-DAC-41114,United Nations Development Programme,14697048.91
FJ,Fiji,XI-IATI-EC_INTPA,European Commission - Directorate-General for International Partnerships,12815394.62
FJ,Fiji,XM-DAC-41122,UNICEF,12757115.61
FJ,Fiji,NZ-1,New Zealand Ministry of Foreign Affairs and Trade,1665053.04
FJ,Fiji,FR-3,AFD,1412024.27
FJ,Fiji,XM-DAC-41123,United Nations Industrial Development Organization,214854.57
FJ,Fiji,XM-DAC-928,World Health Organization,74249.23
FJ,Fiji,XM-DAC-41301,Food and Agriculture Organization (FAO),43571.07
FJ,Fiji,XM-DAC-41302,International Labour Organization (ILO),6231.88
FJ,Fiji,XM-DAC-46004,Asian Development Bank,0.0
FJ,Fiji,44000,World Bank,0.0
FM,Micronesia,XM-DAC-46004,Asian Development Bank,566355.04
FM,Micronesia,NZ-1,New Zealand Ministry of Foreign Affairs and Trade,121866.82
FM,Micronesia,XM-DAC-928,World Health Organization,107755.36
FM,Micronesia,XM-DAC-41114,United Nations Development Programme,82989.0
FM,Micronesia,XM-DAC-41301,Food and Agriculture Organization (FAO),31193.19
KI,Kiribati,XM-DAC-46004,Asian Development Bank,3163969.57
KI,Kiribati,NZ-1,New Zealand Ministry of Foreign Affairs and Trade,980896.42
KI,Kiribati,XM-DAC-928,World Health Organization,502760.99
KI,Kiribati,XM-DAC-41114,United Nations Development Programme,196322.0
KI,Kiribati,XM-DAC-41302,International Labour Organization (ILO),173222.56
KI,Kiribati,XI-IATI-EC_INTPA,European Commission - Directorate-General for International Partnerships,43710.64
KI,Kiribati,XM-DAC-41301,Food and Agriculture Organization (FAO),-36382.72
MH,Marshall Islands,XM-DAC-41114,United Nations Development Programme,1856918.0
MH,Marshall Islands,XI-IATI-EC_INTPA,European Commission - Directorate-General for International Partnerships,1813907.1
MH,Marshall Islands,XM-DAC-46004,Asian Development Bank,1205149.94
MH,Marshall Islands,XM-DAC-41301,Food and Agriculture Organization (FAO),43500.35
MH,Marshall Islands,XM-DAC-928,World Health Organization,2096.0
MH,Marshall Islands,NZ-1,New Zealand Ministry of Foreign Affairs and Trade,1070.13
NR,Nauru,XM-DAC-46004,Asian Development Bank,2036406.3
NR,Nauru,NZ-1,New Zealand Ministry of Foreign Affairs and Trade,1130350.52
NR,Nauru,XM-DAC-41301,Food and Agriculture Organization (FAO),121344.68
NR,Nauru,XM-DAC-41114,United Nations Development Programme,-5733.0
NU,Niue,NZ-1,New Zealand Ministry of Foreign Affairs and Trade,9030582.2
PG,Papua New Guinea,XM-DAC-46004,Asian Development Bank,14485360.35
PG,Papua New Guinea,XI-IATI-EC_INTPA,European Commission - Directorate-General for International Partnerships,11186649.62
PG,Papua New Guinea,XM-DAC-41114,United Nations Development Programme,4705056.0
PG,Papua New Guinea,XM-DAC-41122,UNICEF,4188301.02
PG,Papua New Guinea,XM-DAC-928,World Health Organization,2600041.19
PG,Papua New Guinea,NZ-1,New Zealand Ministry of Foreign Affairs and Trade,2509793.22
PG,Papua New Guinea,XM-DAC-41301,Food and Agriculture Organization (FAO),2462136.64
PG,Papua New Guinea,FR-3,AFD,1948181.1
PG,Papua New Guinea,XM-DAC-41110,United Nations Joint Programme on HIV and AIDS Secretariat (UNAIDS),1454785.0
PG,Papua New Guinea,XM-DAC-41302,International Labour Organization (ILO),182532.46
PG,Papua New Guinea,47122,"Gavi, The Vaccine Alliance",82757.05
PW,Palau,XM-DAC-46004,Asian Development Bank,191167.05
PW,Palau,XM-DAC-928,World Health Organization,30291.55
PW,Palau,NZ-1,New Zealand Ministry of Foreign Affairs and Trade,7587.42
PW,Palau,XM-DAC-41301,Food and Agriculture Organization (FAO),3271.94
SB,Solomon Islands,XM-DAC-46004,Asian Development Bank,6360275.24
SB,Solomon Islands,NZ-1,New Zealand Ministry of Foreign Affairs and Trade,2077721.7
SB,Solomon Islands,XM-DAC-41114,United Nations Development Programme,1319861.0
SB,Solomon Islands,XI-IATI-EC_INTPA,European Commission - Directorate-General for International Partnerships,592121.44
SB,Solomon Islands,XM-DAC-928,World Health Organization,473086.5
SB,Solomon Islands,FR-3,AFD,453603.55
SB,Solomon Islands,XM-DAC-41301,Food and Agriculture Organization (FAO),127038.84
SB,Solomon Islands,GB-GOV-1,"UK - Foreign, Commonwealth Development Office (FCDO)",23087.92
SB,Solomon Islands,47122,"Gavi, The Vaccine Alliance",6070.0
SB,Solomon Islands,XM-DAC-41302,International Labour Organization (ILO),-408.8
TO,Tonga,NZ-1,New Zealand Ministry of Foreign Affairs and Trade,5396413.64
TO,Tonga,XM-DAC-46004,Asian Development Bank,3501102.38
TO,Tonga,XI-IATI-EC_INTPA,European Commission - Directorate-General for International Partnerships,232839.91
TO,Tonga,XM-DAC-41301,Food and Agriculture Organization (FAO),66493.42
TO,Tonga,XM-DAC-928,World Health Organization,60189.07
TO,Tonga,XM-DAC-41302,International Labour Organization (ILO),11886.78
TV,Tuvalu,XM-DAC-46004,Asian Development Bank,518821.08
TV,Tuvalu,NZ-1,New Zealand Ministry of Foreign Affairs and Trade,257212.27
TV,Tuvalu,XI-IATI-EC_INTPA,European Commission - Directorate-General for International Partnerships,105160.61
TV,Tuvalu,XM-DAC-41301,Food and Agriculture Organization (FAO),57419.26
TV,Tuvalu,XM-DAC-41114,United Nations Development Programme,16430.0
TV,Tuvalu,XM-DAC-41302,International Labour Organization (ILO),-164.0
VU,Vanuatu,XI-IATI-EC_INTPA,European Commission - Directorate-General for International Partnerships,4384294.06
VU,Vanuatu,NZ-1,New Zealand Ministry of Foreign Affairs and Trade,2074126.07
VU,Vanuatu,XM-DAC-41114,United Nations Development Programme,739009.0
VU,Vanuatu,XM-DAC-46004,Asian Development Bank,581579.15
VU,Vanuatu,FR-3,AFD,406839.7
VU,Vanuatu,XM-DAC-928,World Health Organization,390437.28
VU,Vanuatu,XM-DAC-41301,Food and Agriculture Organization (FAO),196232.13
VU,Vanuatu,NL-KVK-27108436,Oxfam Novib,109265.52
VU,Vanuatu,XM-DAC-7,Ministry of Foreign Affairs of the Netherlands,23247.98
WS,Samoa,NZ-1,New Zealand Ministry of Foreign Affairs and Trade,6798326.22
WS,Samoa,XM-DAC-46004,Asian Development Bank,4074974.02
WS,Samoa,XI-IATI-EC_INTPA,European Commission - Directorate-General for International Partnerships,2305972.23
WS,Samoa,XM-DAC-41114,United Nations Development Programme,1701086.26
WS,Samoa,XM-DAC-41301,Food and Agriculture Organization (FAO),595562.81
WS,Samoa,XM-DAC-928,World Health Organization,56113.6
WS,Samoa,XM-DAC-41302,International Labour Organization (ILO),5392.72
