country_code,country_name,disbursements_90d_usd,disbursements_365d_usd,funders_90d,funders_365d,total_activities,active_activities,stale_activities,new_starts,ending_soon,quiet_funders,world_bank_projects
CK,Cook Islands,1702944.88,24482520.49,5,6,453,103,19,1,13,1,0
FJ,Fiji,40959474.55,213231518.42,12,34,2582,650,163,9,105,22,30
FM,Micronesia,913514.1,68025283.12,5,10,1682,223,55,0,34,5,16
KI,Kiribati,5029661.73,90570983.24,7,20,1039,290,61,1,39,13,30
MH,Marshall Islands,4721770.78,302665730.56,6,14,1204,192,56,1,24,8,21
NR,Nauru,3282368.5,9283533.66,4,5,453,128,27,0,20,1,0
NU,Niue,9030582.2,16380914.17,1,3,416,106,15,1,15,2,0
PG,Papua New Guinea,45370114.9,624103458.38,11,29,3199,753,237,5,86,18,91
PW,Palau,232291.97,37018572.16,4,12,627,132,47,0,14,8,3
SB,Solomon Islands,11059761.12,145138715.16,10,29,1792,450,114,11,58,19,49
TO,Tonga,9268689.92,83097575.46,6,18,1282,284,79,2,45,12,42
TV,Tuvalu,954879.21,56514032.44,6,14,709,210,45,0,29,8,21
VU,Vanuatu,8911335.61,92893211.84,9,25,1710,381,109,7,53,16,20
WS,Samoa,15133918.43,56564118.75,7,17,1396,330,98,4,48,10,45
