country_code,country_name,activity_id,organisation,title,start_date,end_date,spend_usd
CK,Cook Islands,NZ-1-ACT-0101634,New Zealand Ministry of Foreign Affairs and Trade,CCP - Access to Finance,,2027-02-01,6073648.5
CK,Cook Islands,NZ-1-ACT-0101226,New Zealand Ministry of Foreign Affairs and Trade,Climate Change Programme - Climate Information for Decision Making,,2026-10-31,3522881.56
CK,Cook Islands,NZ-1-ACT-0100216,New Zealand Ministry of Foreign Affairs and Trade,Pacific Maritime Safety Programme Phase 3 + 4,,2026-11-30,2197511.54
CK,Cook Islands,NZ-1-ACT-0102286,New Zealand Ministry of Foreign Affairs and Trade,Pacific Digital Economy Programme,,2027-03-01,1818439.4
CK,Cook Islands,NZ-1-ACT-0101074,New Zealand Ministry of Foreign Affairs and Trade,Pacific Infrastructure Technical Assistance Fund (PITAF),,2027-03-31,1173547.03
CK,Cook Islands,NZ-1-ACT-0102034,New Zealand Ministry of Foreign Affairs and Trade,Pacific Justice Sector 2021-2026,,2026-11-30,620556.55
CK,Cook Islands,NZ-1-ACT-0100405,New Zealand Ministry of Foreign Affairs and Trade,ADB Pacific Private Sector Development Initiative Phase IV,,2026-11-30,127624.94
CK,Cook Islands,NZ-1-ACT-0104607,New Zealand Ministry of Foreign Affairs and Trade,FY25-26 Pacific Diplomatic Training In-Country & In-Region,,2026-12-20,61368.75
CK,Cook Islands,XM-DAC-41301-760000,Food and Agriculture Organization (FAO),"Restoring Biodiversity and Cultural Resilience in the Cook Islands through Native Species Recovery, Invasive S",,2026-12-31,51796.39
CK,Cook Islands,XM-DAC-45001-C475,International Trade Centre (ITC),Pacific: EU-Pacific Business Forum,,2026-10-27,44776.08
CK,Cook Islands,NZ-1-ACT-0104606,New Zealand Ministry of Foreign Affairs and Trade,FY25-26 Pacific Infrastructure Project Management In Country,,2026-12-20,20745.34
CK,Cook Islands,NZ-1-ACT-0104605,New Zealand Ministry of Foreign Affairs and Trade,FY25-26 Pacific Public Sector Leadership (Mid-Level) Course 2 In Country,,2026-12-20,8822.29
CK,Cook Islands,XM-DAC-46004-56138-002-LN4459,Asian Development Bank,Pacific Disaster Resilience Program (Phase 5),,2027-03-31,
FJ,Fiji,44000-P173558,World Bank,Fiji Recovery and Resilience First Development Policy Operation with a Catastrophe-Deferred Drawdown Option,,2027-03-24,134537730.0
FJ,Fiji,AU-5-INO529,Australia Aid,New National Referral Hospital Master Plan,,2026-12-31,6643504.5
FJ,Fiji,XM-DAC-41114-OUTPUT-00123526,United Nations Development Programme,Pacific Insurance and Climate,,2026-12-31,6348380.0
FJ,Fiji,XM-DAC-41114-OUTPUT-00132456,United Nations Development Programme,Vaka Pasifika,,2026-12-31,5856914.0
FJ,Fiji,XM-DAC-41114-OUTPUT-01000335,United Nations Development Programme,Strengthening Legislatures' Capacity in Pacific Islands Countries (SLIP) Phase 2,,2026-12-31,5382641.0
FJ,Fiji,XM-DAC-41114-OUTPUT-00110740,United Nations Development Programme,PACIFIC COASTAL AQUIFERS,,2026-10-21,5084665.0
FJ,Fiji,NZ-1-ACT-0100987,New Zealand Ministry of Foreign Affairs and Trade,Revitalising Informal Settlements and their Environments (RISE) in Fiji,,2026-12-31,4086880.0
FJ,Fiji,XM-DAC-41114-OUTPUT-00118975,United Nations Development Programme,Pacific Digital Economy Programme,,2026-12-31,3748691.0
FJ,Fiji,AU-5-INN612,Australia Aid,United Nations Capital Development Fund Pacific Programmes,,2026-12-31,3293038.13
FJ,Fiji,NZ-1-ACT-0101357,New Zealand Ministry of Foreign Affairs and Trade,Fiji Rheumatic Heart Disease Prevention and Control Programme,,2027-01-29,3111026.2
FJ,Fiji,XM-DAC-41114-OUTPUT-00126753,United Nations Development Programme,Fiji Parliament Support Project Phase III,,2026-12-31,2609346.0
FJ,Fiji,NZ-1-ACT-0101195,New Zealand Ministry of Foreign Affairs and Trade,Climate Change Programme - Ecosystems Resilience,,2026-10-31,2347081.84
FJ,Fiji,XM-DAC-41114-OUTPUT-00090867,United Nations Development Programme,Fiji Markets,,2026-12-31,2151044.0
FJ,Fiji,NZ-1-ACT-0102990,New Zealand Ministry of Foreign Affairs and Trade,Pacific Insurance and Climate Adaptation Programme (PICAP),,2027-01-31,1908305.17
FJ,Fiji,AU-5-INN974,Australia Aid,Pacific Media Assistance Scheme (Phase 4),,2026-12-31,1853493.6
FJ,Fiji,XM-DAC-41111-XM-DAC-41111-125168-2,United Nations Capital Development Fund (UNCDF),Leveraging DF to increase resi,,2026-12-31,1648202.0
FJ,Fiji,AU-5-INO142,Australia Aid,Namosi Hydropower Generation Feasibility Study - Fiji - Energy,,2026-12-01,1572675.0
FJ,Fiji,NZ-1-ACT-0102603,New Zealand Ministry of Foreign Affairs and Trade,Negotiated Partnerships: Habitat for Humanity (HFHNZ) Implementation,,2027-02-28,1468546.55
FJ,Fiji,XM-DAC-41114-OUTPUT-01000767,United Nations Development Programme,Engagement Facility Project,,2026-12-31,1314461.0
FJ,Fiji,XM-DAC-41114-OUTPUT-01002912,United Nations Development Programme,Pacific Regional Programme_DFAT,,2026-12-31,1193894.0
FJ,Fiji,XM-DAC-301-2-110227-001,International Development Research Centre,AQUA-Pearl: scaling up community-led nature-based oyster aquaculture for climate resilience in Fiji,,2027-03-01,1010490.5
FJ,Fiji,NZ-1-ACT-0102608,New Zealand Ministry of Foreign Affairs and Trade,Negotiated Partnership: TearFund New Zealand (TFNZ) Implementation,,2026-11-30,979530.2
FJ,Fiji,XI-IATI-EC_INTPA-2025-PC-54462,European Commission - Directorate-General for International Partnerships,1st EU-Pacific Business Forum 2025,,2026-10-27,811851.1
FJ,Fiji,NZ-1-ACT-0103883,New Zealand Ministry of Foreign Affairs and Trade,Building Resilient Communities: Health Responses to Climate Change in Fiji,,2026-10-13,768689.0
FJ,Fiji,NZ-1-ACT-0101074,New Zealand Ministry of Foreign Affairs and Trade,Pacific Infrastructure Technical Assistance Fund (PITAF),,2027-03-31,765356.81
FJ,Fiji,XM-DAC-41114-OUTPUT-01004664,United Nations Development Programme,Fiji MCO TRAC,,2026-12-31,740835.0
FJ,Fiji,AU-5-INN422,Australia Aid,Nadi Flood Alleviation Project (NFAP) - Fiji - Climate,,2026-12-31,722993.44
FJ,Fiji,CA-3-P015328001,"Foreign Affairs, Trade and Development Canada (DFATD)",Elsie Initiative Fund for Uniformed Women in Peace Operations,,2027-03-31,661542.85
FJ,Fiji,NZ-1-ACT-0102034,New Zealand Ministry of Foreign Affairs and Trade,Pacific Justice Sector 2021-2026,,2026-11-30,620556.55
FJ,Fiji,AU-5-INO648,Australia Aid,Support for Revitalising Shipbuilding in Fiji,,2026-12-30,450742.66
FJ,Fiji,DE-1-202376721,Federal Ministry for Economic Cooperation and Development (BMZ),Bolestering Livelihood in Rural and Remote Indigeneous Farming Communities,,2026-10-31,396179.7
FJ,Fiji,XM-DAC-41114-OUTPUT-01001855,United Nations Development Programme,Accelerated Implementation of UNDP Pacific RCC Programme/Project Pipeline for 2024,,2026-12-31,389726.0
FJ,Fiji,XM-DAC-41114-OUTPUT-00126732,United Nations Development Programme,SDG's Financing in the Pacific,,2026-10-31,377111.0
FJ,Fiji,AU-5-INO015,Australia Aid,Australia Awards Pacific Scholarships,,2026-12-31,347070.63
FJ,Fiji,XM-DAC-41111-XM-DAC-41111-127034-1,United Nations Capital Development Fund,Pacific Digital Economy Progra-UNCDF-00127034,,2026-12-31,340003.0
FJ,Fiji,NZ-1-ACT-0100405,New Zealand Ministry of Foreign Affairs and Trade,ADB Pacific Private Sector Development Initiative Phase IV,,2026-11-30,306140.82
FJ,Fiji,XM-DAC-301-2-110158-001,International Development Research Centre,Resilience to climate vulnerability and environmental risk (RECOVER) with a focus on small islands,,2027-01-01,272926.76
FJ,Fiji,AU-5-INM415,Australia Aid,Humanitarian Emergency Medical Preparedness & Engagement,,2026-12-31,220586.57
FJ,Fiji,XM-DAC-41114-OUTPUT-01005021,United Nations Development Programme,NDC 3.0 Implementation Support,,2026-12-31,193162.0
FJ,Fiji,KR-GOV-010-KR-GOV-051-2026030702727,Office for Government Policy Coordination,KOICA Coordinator in Fiji for Sectors not specified,,2026-12-01,191365.55
FJ,Fiji,NZ-1-ACT-0102286,New Zealand Ministry of Foreign Affairs and Trade,Pacific Digital Economy Programme,,2027-03-01,181843.94
FJ,Fiji,XM-DAC-47136-FJ24,Global Green Growth Institute (GGGI),Fiji bamboo to adapt and mitigate climate change,,2027-01-31,178085.45
FJ,Fiji,XM-DAC-301-2-109293-001,International Development Research Centre,"Knowledge and Innovation Exchange hub for education in Asia, Europe, the Pacific, Middle East, and North Afric",,2027-04-01,173201.79
FJ,Fiji,NZ-1-ACT-0103469,New Zealand Ministry of Foreign Affairs and Trade,Anamata and Scholarships Future State,,2027-02-01,138693.29
FJ,Fiji,XM-DAC-41114-OUTPUT-01002583,United Nations Development Programme,PIMS-9957 Pacific priorities for ecosystem management and NBSAP implementation,,2026-12-31,134319.0
FJ,Fiji,GB-CHC-1076235-W1639,BBC Media Action,Pacific Region Media Strengthening Project,,2027-03-31,117273.98
FJ,Fiji,XM-DAC-45001-C475,International Trade Centre (ITC),Pacific: EU-Pacific Business Forum,,2026-10-27,89552.16
FJ,Fiji,XM-DAC-41114-OUTPUT-01002175,United Nations Development Programme,Fiji HCFC Phase-out Management plan II FIJ/PHA/88/INV/039,,2026-12-31,73240.0
FJ,Fiji,AU-5-INO412,Australia Aid,Melanesian Spearhead Group (MSG) Secretariat Strengthening Project,,2026-12-31,62405.5
FJ,Fiji,NZ-1-ACT-0104607,New Zealand Ministry of Foreign Affairs and Trade,FY25-26 Pacific Diplomatic Training In-Country & In-Region,,2026-12-20,61368.75
FJ,Fiji,KR-GOV-010-KR-GOV-051-2026030702490,Office for Government Policy Coordination,KOICA Volunteers in Fiji for Medical services,,2026-12-01,59815.76
FJ,Fiji,XM-DAC-41114-OUTPUT-01005937,United Nations Development Programme,Support to Global Fund GC8 Grant Development,,2026-12-31,58753.0
FJ,Fiji,XM-DAC-41114-OUTPUT-01005505,United Nations Development Programme,Pathways to Sustaining Peace: Enhancing Youth Leadership and Cultural Pathways in Reconciliation and Social Co,,2027-02-28,52921.0
FJ,Fiji,XM-DAC-41304-570RAS4006,"United Nations Educational, Scientific and Cultural Organization (UNESCO)",UNESCO Asia-Pacific Awards for Cultural Heritage Conservation,,2026-11-30,52333.56
FJ,Fiji,KR-GOV-010-KR-GOV-051-2026040101634005,Office for Government Policy Coordination,Capacity Building for the Government Officials on Digital Competency(25-27)(2026),,2026-12-01,45136.69
FJ,Fiji,KR-GOV-010-KR-GOV-051-2026030702489,Office for Government Policy Coordination,KOICA Volunteers in Fiji for Vocational training,,2026-12-01,41410.91
FJ,Fiji,XM-DAC-41114-OUTPUT-01000516,United Nations Development Programme,Scaling Solar Applications for Agricultural Use (SSAAU),,2026-12-31,34436.0
FJ,Fiji,NZ-1-ACT-0104608,New Zealand Ministry of Foreign Affairs and Trade,FY25-26 Pacific Climate Resilience In-Country,,2026-12-20,34100.66
FJ,Fiji,KR-GOV-010-KR-GOV-051-2026030702491,Office for Government Policy Coordination,KOICA Volunteers in Fiji for Basic health care,,2026-12-01,27607.28
FJ,Fiji,KR-GOV-010-KR-GOV-051-2026030702492,Office for Government Policy Coordination,KOICA Volunteers in Fiji for Public sector policy and administrative management,,2026-12-01,27607.28
FJ,Fiji,NZ-1-ACT-0104602,New Zealand Ministry of Foreign Affairs and Trade,FY25-26 Pacific Good Governance In-Country,,2026-10-20,22673.64
FJ,Fiji,XI-GRID-grid.7836.a-426471,University of Cape Town,Transforming Energy Access - Learning Partnership Upscale,,2026-12-31,21133.48
FJ,Fiji,NZ-1-ACT-0104606,New Zealand Ministry of Foreign Affairs and Trade,FY25-26 Pacific Infrastructure Project Management In Country,,2026-12-20,20776.49
FJ,Fiji,XM-DAC-301-2-109293-002,International Development Research Centre,"Knowledge and Innovation Exchange hub for education in Asia, Europe, the Pacific, Middle East, and North Afric",,2027-04-01,14998.42
FJ,Fiji,KR-GOV-010-KR-GOV-051-2026030702493,Office for Government Policy Coordination,KOICA Volunteers in Fiji for Information and communication technology (ICT),,2026-12-01,13803.64
FJ,Fiji,NZ-1-ACT-0104605,New Zealand Ministry of Foreign Affairs and Trade,FY25-26 Pacific Public Sector Leadership (Mid-Level) Course 2 In Country,,2026-12-20,13167.6
FJ,Fiji,KR-GOV-010-KR-GOV-051-2024040103011,Office for Government Policy Coordination,Master's Degree Program inTrade and Industrial Policy for Innovative  Growth and Resilience(2024),,2026-12-01,5393.72
FJ,Fiji,KR-GOV-010-KR-GOV-051-2024040103039,Office for Government Policy Coordination,Master's Degree Program in Urban Development(2024),,2026-12-01,5393.72
FJ,Fiji,KR-GOV-010-KR-GOV-051-2024040102365,Office for Government Policy Coordination,Master's Degree Program in Agricultural Production(2024),,2026-12-01,1797.91
FJ,Fiji,KR-GOV-010-KR-GOV-051-2024040102604,Office for Government Policy Coordination,Master's Degree Program in Global Health Security(2024),,2026-12-01,1797.91
FJ,Fiji,XM-DAC-301-2-109293-003,International Development Research Centre,"Knowledge and Innovation Exchange hub for education in Asia, Europe, the Pacific, Middle East, and North Afric",,2027-04-01,
FJ,Fiji,XM-DAC-41304-261FIJ1000,"United Nations Educational, Scientific and Cultural Organization (UNESCO)",UNPRPD in Fiji,,2026-12-31,
FJ,Fiji,XM-DAC-41114-OUTPUT-01005506,United Nations Development Programme,Fiji Human Rights and Anti-Discrimination Commission Capacity Development Project (PIP),,2027-03-05,
FJ,Fiji,XM-DAC-41114-PROJECT-00081678,United Nations Development Programme,Markets for Change,,2026-12-31,
FJ,Fiji,XM-DAC-41114-PROJECT-00112065,United Nations Development Programme,PACIFIC COASTAL AQUIFERS,,2026-10-21,
FJ,Fiji,XM-DAC-41114-PROJECT-00123820,United Nations Development Programme,Pacific Digital Economy Programme,,2026-12-31,
FJ,Fiji,XM-DAC-41114-PROJECT-00130025,United Nations Development Programme,Pacific Insurance and Climate Adaptation Programme,,2026-12-31,
FJ,Fiji,XM-DAC-41114-PROJECT-00135551,United Nations Development Programme,Vaka Pasifika,,2026-12-31,
FJ,Fiji,XM-DAC-41114-PROJECT-00135555,United Nations Development Programme,Fiji Parliament Support Project 3,,2026-12-31,
FJ,Fiji,XM-DAC-41114-PROJECT-01000335,United Nations Development Programme,Strengthening Legislatures' Capacity in Pacific Islands Countries (SLIP) Phase 2,,2026-12-31,
FJ,Fiji,XM-DAC-41114-PROJECT-01000516,United Nations Development Programme,Scaling Solar Applications for Agricultural Use (SSAAU),,2026-12-31,
FJ,Fiji,XM-DAC-41114-PROJECT-01000767,United Nations Development Programme,Engagement Facility Project,,2026-12-31,
FJ,Fiji,XM-DAC-41114-PROJECT-01001855,United Nations Development Programme,Accelerated Implementation of UNDP Pacific RCC Programme/Project Pipeline for 2024,,2026-12-31,
FJ,Fiji,XM-DAC-41114-PROJECT-01002175,United Nations Development Programme,Fiji HCFC Phase-out Management plan II FIJ/PHA/88/INV/039,,2026-12-31,
FJ,Fiji,XM-DAC-41114-PROJECT-01002583,United Nations Development Programme,PIMS-9957 Pacific priorities for ecosystem management and NBSAP implementation,,2026-12-31,
FJ,Fiji,XM-DAC-41114-PROJECT-01002912,United Nations Development Programme,Pacific Regional Programme_DFAT,,2026-12-31,
FJ,Fiji,XM-DAC-41114-PROJECT-01004664,United Nations Development Programme,Fiji MCO TRAC,,2026-12-31,
FJ,Fiji,XM-DAC-41114-PROJECT-01005021,United Nations Development Programme,NDC 3.0 Implementation Support,,2026-12-31,
FJ,Fiji,XM-DAC-41114-PROJECT-01005505,United Nations Development Programme,Pathways to Sustaining Peace: Enhancing Youth Leadership and Cultural Pathways in Reconciliation and Social Co,,2027-02-28,
FJ,Fiji,XM-DAC-41114-PROJECT-01005506,United Nations Development Programme,Fiji Human Rights and Anti-Discrimination Commission Capacity Development Project (PIP),,2027-03-05,
FJ,Fiji,XM-DAC-41114-PROJECT-01005937,United Nations Development Programme,Support to Global Fund GC8 Grant Development,,2026-12-31,
FJ,Fiji,XM-DAC-701-8-202517440,Japan International Cooperation Agency (JICA),経済社会開発計画（廃棄物処理関連機材）,,2027-01-07,
FJ,Fiji,XM-DAC-701-8-202517441,Japan International Cooperation Agency (JICA),経済社会開発計画（保健医療関連機材）,,2027-02-18,
FJ,Fiji,AU-ABN-94642321640-PACFC03,Conciliation Resources Australia,Strengthening Inclusive and Accountable Security Sector Governance in Fiji,,2027-03-31,
FJ,Fiji,XM-DAC-41114-OUTPUT-01001604,United Nations Development Programme,Tuvalu Coastal Adaptation Project Phase 2 (TCAP 2),,2026-12-31,17440392.0
FJ,Fiji,XM-DAC-41114-OUTPUT-00128454,United Nations Development Programme,M4C Phase II - Samoa,,2026-12-31,931357.0
FJ,Fiji,XM-DAC-41114-OUTPUT-01004160,United Nations Development Programme,Vanuatu Green Transformation Project – Phase 2,,2027-03-31,773825.0
FJ,Fiji,XM-DAC-41114-OUTPUT-01002168,United Nations Development Programme,Advancing Durable Solutions to Internal Displacement in Vanuatu,,2027-02-28,351372.0
FJ,Fiji,XM-DAC-41114-OUTPUT-01003098,United Nations Development Programme,Tuvalu Coastal and Long-term Adaptation Planning (TuCLAP),,2026-11-30,173778.0
FJ,Fiji,XM-DAC-41114-OUTPUT-01005268,United Nations Development Programme,PIMS -10382 GBFF PPG Establishing and protecting major river buffer zones in Vanuatu,,2026-11-19,46260.0
FJ,Fiji,XM-DAC-41114-PROJECT-01001604,United Nations Development Programme,Tuvalu Coastal Adaptation Project Phase 2 (TCAP 2),,2026-12-31,
FJ,Fiji,XM-DAC-41114-PROJECT-01002168,United Nations Development Programme,Advancing Durable Solutions to Internal Displacement in Vanuatu,,2027-02-28,
FJ,Fiji,XM-DAC-41114-PROJECT-01003098,United Nations Development Programme,Tuvalu Coastal and Long-term Adaptation Planning (TuCLAP),,2026-11-30,
FJ,Fiji,XM-DAC-41114-PROJECT-01004160,United Nations Development Programme,Vanuatu Green Transformation Project – Phase 2,,2027-03-31,
FJ,Fiji,XM-DAC-41114-PROJECT-01005268,United Nations Development Programme,PIMS -10382 GBFF PPG Establishing and protecting major river buffer zones in Vanuatu,,2026-11-19,
FM,Micronesia,44000-P130592,World Bank,Pacific Regional Connectivity Program 2:FSM Connectivity Project,,2026-11-30,57661032.0
FM,Micronesia,US-GOV-1-72049220IO00002,U.S. Agency for International Development,Disaster Resilience In The Compact Nations (RESILIENCE),,2027-01-12,29557530.47
FM,Micronesia,44000-P170718,World Bank,Digital Federated States of Micronesia Project,,2027-03-31,27321696.0
FM,Micronesia,XM-DAC-46004-56138-002-GRNT0950,Asian Development Bank,Pacific Disaster Resilience Program (Phase 5),,2027-03-31,6000000.0
FM,Micronesia,US-GOV-1-720BHA22GR00090,U.S. Agency for International Development,Humanitarian Assistance,,2027-02-28,2008815.0
FM,Micronesia,XI-BRIDGE-6385676864-9917,Global Environment Facility,Safeguarding Biodiversity From Invasive Alien Species in the Federated States of Micronesia,,2027-01-03,1486976.0
FM,Micronesia,XM-DAC-46004-55324-001-GRNT6050,Asian Development Bank,Clean Energy Project,,2026-12-31,1057541.8
FM,Micronesia,US-GOV-9-D23AF00045-55679,Department of the Interior,"Compacts of Free Association, Compact Payments - Federated States of Micronesia",,2026-12-30,922445.0
FM,Micronesia,NZ-1-ACT-0102034,New Zealand Ministry of Foreign Affairs and Trade,Pacific Justice Sector 2021-2026,,2026-11-30,620556.55
FM,Micronesia,NZ-1-ACT-0102286,New Zealand Ministry of Foreign Affairs and Trade,Pacific Digital Economy Programme,,2027-03-01,181843.94
FM,Micronesia,XM-DAC-301-2-109293-001,International Development Research Centre,"Knowledge and Innovation Exchange hub for education in Asia, Europe, the Pacific, Middle East, and North Afric",,2027-04-01,173201.79
FM,Micronesia,NZ-1-ACT-0103612,New Zealand Ministry of Foreign Affairs and Trade,North Pacific 2023 Tertiary Scholarships,,2027-02-28,105875.97
FM,Micronesia,XM-DAC-41301-760658,Food and Agriculture Organization (FAO),FSM Access and Benefit Sharing Project (PPG),,2027-03-30,76393.63
FM,Micronesia,AU-5-INO015,Australia Aid,Australia Awards Pacific Scholarships,,2026-12-31,67935.73
FM,Micronesia,NZ-1-ACT-0105182,New Zealand Ministry of Foreign Affairs and Trade,2026 Typhoon Sinlaku Federated States of Micronesia Response,,2027-01-31,57750.56
FM,Micronesia,XM-DAC-41304-570RAS4006,"United Nations Educational, Scientific and Cultural Organization (UNESCO)",UNESCO Asia-Pacific Awards for Cultural Heritage Conservation,,2026-11-30,52333.56
FM,Micronesia,XM-DAC-45001-C475,International Trade Centre (ITC),Pacific: EU-Pacific Business Forum,,2026-10-27,44776.08
FM,Micronesia,NZ-1-ACT-0104607,New Zealand Ministry of Foreign Affairs and Trade,FY25-26 Pacific Diplomatic Training In-Country & In-Region,,2026-12-20,40932.95
FM,Micronesia,AU-5-INM394,Australia Aid,Australia Awards Pacific Scholarship - 2018 Intake,,2026-12-31,30948.21
FM,Micronesia,US-GOV-1-72049224C00001,U.S. Agency for International Development,"Philippines, Pacific Islands, and Mongolia Monitoring, Evaluation, and Learning Activity (PIMMELA)",,2027-01-15,23126.2
FM,Micronesia,NZ-1-ACT-0103469,New Zealand Ministry of Foreign Affairs and Trade,Anamata and Scholarships Future State,,2027-02-01,23115.55
FM,Micronesia,XM-DAC-301-2-109293-002,International Development Research Centre,"Knowledge and Innovation Exchange hub for education in Asia, Europe, the Pacific, Middle East, and North Afric",,2027-04-01,14998.42
FM,Micronesia,NZ-1-ACT-0100405,New Zealand Ministry of Foreign Affairs and Trade,ADB Pacific Private Sector Development Initiative Phase IV,,2026-11-30,13915.49
FM,Micronesia,NZ-1-ACT-0104608,New Zealand Ministry of Foreign Affairs and Trade,FY25-26 Pacific Climate Resilience In-Country,,2026-12-20,8518.77
FM,Micronesia,NZ-1-ACT-0104602,New Zealand Ministry of Foreign Affairs and Trade,FY25-26 Pacific Good Governance In-Country,,2026-10-20,7542.27
FM,Micronesia,NZ-1-ACT-0104605,New Zealand Ministry of Foreign Affairs and Trade,FY25-26 Pacific Public Sector Leadership (Mid-Level) Course 2 In Country,,2026-12-20,4345.31
FM,Micronesia,XM-DAC-47066-CD.0111,International Organization for Migration (IOM),EDF-w in the Federated States of Micronesia (FSM):  Economic Revitalization in the North Pacific,,2026-10-31,3112.69
FM,Micronesia,AU-5-INN974,Australia Aid,Pacific Media Assistance Scheme (Phase 4),,2026-12-31,1831.3
FM,Micronesia,US-GOV-11-72049220IO00002-227842,Department of State,Disaster Resilience In The Compact Nations (RESILIENCE),,2027-01-12,
FM,Micronesia,US-GOV-11-72049224C00001-229158,Department of State,"Philippines, Pacific Islands, and Mongolia Monitoring, Evaluation, and Learning Activity (PIMMELA)",,2027-01-15,
FM,Micronesia,XM-DAC-47015-22799_Bilateral_KubotaCorporation_IRRI,CGIAR,"Grant: Verification of Methane Reduction Effects in Paddy Fields by combination of ""AWD with artificial draina",,2027-03-31,
FM,Micronesia,XM-DAC-301-2-109293-003,International Development Research Centre,"Knowledge and Innovation Exchange hub for education in Asia, Europe, the Pacific, Middle East, and North Afric",,2027-04-01,
FM,Micronesia,XM-DAC-47066-DP5741,International Organization for Migration (IOM),"Emergency response to typhoon Sinlaku in Chuuk state, Federated States of Micronesia",,2026-10-22,
FM,Micronesia,XM-DAC-47066-TK0108,International Organization for Migration (IOM),Diaspora research: laying the groundwork for diaspora engagement in the Federated States of Micronesia,,2027-01-31,
KI,Kiribati,44000-P159632,World Bank,P4: Pacific Regional Connectivity Program Phase 4: KI: Connectivity Project,,2026-11-30,12574573.0
KI,Kiribati,XI-IATI-EC_INTPA-2020-PCC-416132,European Commission - Directorate-General for International Partnerships,EU-Kiribati Partnership - Safe and sustainable drinking water for Kiritimati Island - SPC,,2026-11-11,9027480.0
KI,Kiribati,NZ-1-ACT-0A12767,New Zealand Ministry of Foreign Affairs and Trade,Kiribati Institute of Technology  - Facilities and Nursing Curriculum,,2027-03-20,8301720.0
KI,Kiribati,44000-P177794,World Bank,Kiribati First Resilient Growth Development Policy Operation with a Catastrophe Deferred Drawdown Option,,2026-12-31,8167046.0
KI,Kiribati,XM-DAC-46004-53043-001-GRNT0713,Asian Development Bank,Outer Islands Transport Infrastructure Investment Project,,2026-12-31,6819633.5
KI,Kiribati,44000-P176306,World Bank,Kiribati Health Systems Strengthening Project,,2027-03-31,6410149.0
KI,Kiribati,XI-IATI-EC_INTPA-2020-PCC-416065,European Commission - Directorate-General for International Partnerships,EU-Kiribati Partnership : Building resilience through improved sanitation (BRIS) - UNICEF,,2026-11-01,6322204.0
KI,Kiribati,NZ-1-ACT-0101311,New Zealand Ministry of Foreign Affairs and Trade,Public Health Support,,2026-10-31,5927211.0
KI,Kiribati,NZ-1-ACT-0102089,New Zealand Ministry of Foreign Affairs and Trade,"Public Health Clinics on South Tarawa, Outer Islands & Kiritimati Islands",,2026-12-31,2706390.2
KI,Kiribati,AU-5-INN612,Australia Aid,United Nations Capital Development Fund Pacific Programmes,,2026-12-31,2575027.59
KI,Kiribati,NZ-1-ACT-0101264,New Zealand Ministry of Foreign Affairs and Trade,Kiribati Healthy Families Phase 3,,2026-10-30,2377970.5
KI,Kiribati,NZ-1-ACT-0102606,New Zealand Ministry of Foreign Affairs and Trade,Negotiated Partnership: UNICEF NZ Implementation,,2027-02-28,2277388.5
KI,Kiribati,NZ-1-ACT-0100216,New Zealand Ministry of Foreign Affairs and Trade,Pacific Maritime Safety Programme Phase 3 + 4,,2026-11-30,2191373.24
KI,Kiribati,44000-P176108,World Bank,Kiribati Digital Government Project,,2027-03-31,2188627.0
KI,Kiribati,NZ-1-ACT-0101368,New Zealand Ministry of Foreign Affairs and Trade,Climate Change Programme - Building resilient systems for integrated water resource management,,2026-12-01,1808050.61
KI,Kiribati,NZ-1-ACT-0102034,New Zealand Ministry of Foreign Affairs and Trade,Pacific Justice Sector 2021-2026,,2026-11-30,620556.55
KI,Kiribati,NZ-1-ACT-0101226,New Zealand Ministry of Foreign Affairs and Trade,Climate Change Programme - Climate Information for Decision Making,,2026-10-31,556244.5
KI,Kiribati,GB-COH-03122495-GB-1-A3728,Oxford Policy Management,Unlocking children's potential to thrive: Rsearch into taking childhood development (ECD) interventions to sca,,2026-12-31,439052.43
KI,Kiribati,NZ-1-ACT-0102990,New Zealand Ministry of Foreign Affairs and Trade,Pacific Insurance and Climate Adaptation Programme (PICAP),,2027-01-31,381661.03
KI,Kiribati,NZ-1-ACT-0103469,New Zealand Ministry of Foreign Affairs and Trade,Anamata and Scholarships Future State,,2027-02-01,277386.57
KI,Kiribati,NZ-1-ACT-0102286,New Zealand Ministry of Foreign Affairs and Trade,Pacific Digital Economy Programme,,2027-03-01,181843.94
KI,Kiribati,XM-DAC-301-2-109293-001,International Development Research Centre,"Knowledge and Innovation Exchange hub for education in Asia, Europe, the Pacific, Middle East, and North Afric",,2027-04-01,173201.79
KI,Kiribati,XM-DAC-47136-KI06,Global Green Growth Institute (GGGI),"Integrated, multi-stakeholder approach for pipeline development (GCF Readiness)",,2026-12-31,170174.95
KI,Kiribati,NZ-1-ACT-0101074,New Zealand Ministry of Foreign Affairs and Trade,Pacific Infrastructure Technical Assistance Fund (PITAF),,2027-03-31,102047.57
KI,Kiribati,AU-5-INM394,Australia Aid,Australia Awards Pacific Scholarship - 2018 Intake,,2026-12-31,93859.95
KI,Kiribati,XM-DAC-47136-KI009,Global Green Growth Institute (GGGI),Establishing an Environment Fund for Kiribati,,2027-02-28,62088.15
KI,Kiribati,XM-DAC-41304-570RAS4006,"United Nations Educational, Scientific and Cultural Organization (UNESCO)",UNESCO Asia-Pacific Awards for Cultural Heritage Conservation,,2026-11-30,52333.56
KI,Kiribati,XM-DAC-45001-C475,International Trade Centre (ITC),Pacific: EU-Pacific Business Forum,,2026-10-27,44776.08
KI,Kiribati,NZ-1-ACT-0104606,New Zealand Ministry of Foreign Affairs and Trade,FY25-26 Pacific Infrastructure Project Management In Country,,2026-12-20,31149.16
KI,Kiribati,NZ-1-ACT-0100405,New Zealand Ministry of Foreign Affairs and Trade,ADB Pacific Private Sector Development Initiative Phase IV,,2026-11-30,27830.98
KI,Kiribati,AU-5-INO015,Australia Aid,Australia Awards Pacific Scholarships,,2026-12-31,26290.91
KI,Kiribati,47122-KIR-HEXA,"Gavi, The Vaccine Alliance",Kiribati: Hexavalent,,2026-12-31,18764.5
KI,Kiribati,NZ-1-ACT-0104608,New Zealand Ministry of Foreign Affairs and Trade,FY25-26 Pacific Climate Resilience In-Country,,2026-12-20,17037.54
KI,Kiribati,NZ-1-ACT-0104602,New Zealand Ministry of Foreign Affairs and Trade,FY25-26 Pacific Good Governance In-Country,,2026-10-20,15107.95
KI,Kiribati,XM-DAC-301-2-109293-002,International Development Research Centre,"Knowledge and Innovation Exchange hub for education in Asia, Europe, the Pacific, Middle East, and North Afric",,2027-04-01,14998.42
KI,Kiribati,CA-3-P015976001,"Foreign Affairs, Trade and Development Canada (DFATD)",Engaging parliamentarians in promoting nuclear security legal frameworks,,2027-02-01,11431.72
KI,Kiribati,NZ-1-ACT-0104605,New Zealand Ministry of Foreign Affairs and Trade,FY25-26 Pacific Public Sector Leadership (Mid-Level) Course 2 In Country,,2026-12-20,8822.29
KI,Kiribati,XM-DAC-301-2-109293-003,International Development Research Centre,"Knowledge and Innovation Exchange hub for education in Asia, Europe, the Pacific, Middle East, and North Afric",,2027-04-01,
KI,Kiribati,XM-DAC-701-8-202517439,Japan International Cooperation Agency (JICA),経済社会開発計画（道路維持管理関連機材）,,2026-12-16,
MH,Marshall Islands,44000-P160096,World Bank,Pacific Resilience Project II under the Pacific Resilience Program,,2026-11-30,39919428.0
MH,Marshall Islands,XI-IATI-WBTF-P160096,World Bank Trust Funds,Pacific Resilience Project II under the Pacific Resilience Program,,2026-10-31,26402622.0
MH,Marshall Islands,44000-P177329,World Bank,RMI Multisectoral Early Childhood Development Project - II,,2026-12-31,19762960.0
MH,Marshall Islands,XM-DAC-41317-FP112,Green Climate Fund,Addressing Climate Vulnerability in the Water Sector (ACWA) in the Marshall Islands,,2027-02-28,15259303.0
MH,Marshall Islands,US-GOV-1-72049220IO00002,U.S. Agency for International Development,Disaster Resilience In The Compact Nations (RESILIENCE),,2027-01-12,2001733.24
MH,Marshall Islands,NZ-1-ACT-0101226,New Zealand Ministry of Foreign Affairs and Trade,Climate Change Programme - Climate Information for Decision Making,,2026-10-31,1112489.01
MH,Marshall Islands,NZ-1-ACT-0102034,New Zealand Ministry of Foreign Affairs and Trade,Pacific Justice Sector 2021-2026,,2026-11-30,620556.55
MH,Marshall Islands,NZ-1-ACT-0102286,New Zealand Ministry of Foreign Affairs and Trade,Pacific Digital Economy Programme,,2027-03-01,181843.94
MH,Marshall Islands,XM-DAC-301-2-109293-001,International Development Research Centre,"Knowledge and Innovation Exchange hub for education in Asia, Europe, the Pacific, Middle East, and North Afric",,2027-04-01,173201.79
MH,Marshall Islands,NZ-1-ACT-0103612,New Zealand Ministry of Foreign Affairs and Trade,North Pacific 2023 Tertiary Scholarships,,2027-02-28,109084.34
MH,Marshall Islands,XM-DAC-41304-570RAS4006,"United Nations Educational, Scientific and Cultural Organization (UNESCO)",UNESCO Asia-Pacific Awards for Cultural Heritage Conservation,,2026-11-30,52333.56
MH,Marshall Islands,XM-DAC-45001-C475,International Trade Centre (ITC),Pacific: EU-Pacific Business Forum,,2026-10-27,44776.08
MH,Marshall Islands,NZ-1-ACT-0100405,New Zealand Ministry of Foreign Affairs and Trade,ADB Pacific Private Sector Development Initiative Phase IV,,2026-11-30,32602.01
MH,Marshall Islands,AU-5-INM394,Australia Aid,Australia Awards Pacific Scholarship - 2018 Intake,,2026-12-31,32356.51
MH,Marshall Islands,US-GOV-1-72049224C00001,U.S. Agency for International Development,"Philippines, Pacific Islands, and Mongolia Monitoring, Evaluation, and Learning Activity (PIMMELA)",,2027-01-15,23126.2
MH,Marshall Islands,NZ-1-ACT-0104607,New Zealand Ministry of Foreign Affairs and Trade,FY25-26 Pacific Diplomatic Training In-Country & In-Region,,2026-12-20,20497.16
MH,Marshall Islands,XM-DAC-301-2-109293-002,International Development Research Centre,"Knowledge and Innovation Exchange hub for education in Asia, Europe, the Pacific, Middle East, and North Afric",,2027-04-01,14998.42
MH,Marshall Islands,NZ-1-ACT-0104608,New Zealand Ministry of Foreign Affairs and Trade,FY25-26 Pacific Climate Resilience In-Country,,2026-12-20,8518.77
MH,Marshall Islands,NZ-1-ACT-0104602,New Zealand Ministry of Foreign Affairs and Trade,FY25-26 Pacific Good Governance In-Country,,2026-10-20,7542.27
MH,Marshall Islands,NZ-1-ACT-0104605,New Zealand Ministry of Foreign Affairs and Trade,FY25-26 Pacific Public Sector Leadership (Mid-Level) Course 2 In Country,,2026-12-20,4345.31
MH,Marshall Islands,US-GOV-11-72049220IO00002-227842,Department of State,Disaster Resilience In The Compact Nations (RESILIENCE),,2027-01-12,
MH,Marshall Islands,US-GOV-11-72049224C00001-229158,Department of State,"Philippines, Pacific Islands, and Mongolia Monitoring, Evaluation, and Learning Activity (PIMMELA)",,2027-01-15,
MH,Marshall Islands,XM-DAC-301-2-109293-003,International Development Research Centre,"Knowledge and Innovation Exchange hub for education in Asia, Europe, the Pacific, Middle East, and North Afric",,2027-04-01,
MH,Marshall Islands,XM-DAC-46004-56138-002-GRNT0951,Asian Development Bank,Pacific Disaster Resilience Program (Phase 5),,2027-03-31,
NR,Nauru,XM-DAC-41114-OUTPUT-00121714,United Nations Development Programme,Nauru - NAIG Project,,2026-12-31,7592883.0
NR,Nauru,AU-5-INO815,Australia Aid,Nauru Australia Treaty Budget Support - Phase 1,,2026-12-31,3249701.0
NR,Nauru,NZ-1-ACT-0102028,New Zealand Ministry of Foreign Affairs and Trade,Nauru Economic Reform Phase Two,,2026-12-30,2839818.2
NR,Nauru,AU-5-INO082,Australia Aid,Interim Nauru Health Support Program,,2026-12-31,1905367.1
NR,Nauru,AU-5-INI968,Australia Aid,Nauru Program Management and Coordination Initiative,,2026-12-31,1224530.1
NR,Nauru,AU-5-INI949,Australia Aid,Nauru Infrastructure and Services,,2026-12-31,899862.4
NR,Nauru,NZ-1-ACT-0102034,New Zealand Ministry of Foreign Affairs and Trade,Pacific Justice Sector 2021-2026,,2026-11-30,620556.55
NR,Nauru,NZ-1-ACT-0101074,New Zealand Ministry of Foreign Affairs and Trade,Pacific Infrastructure Technical Assistance Fund (PITAF),,2027-03-31,153071.36
NR,Nauru,AU-5-INO015,Australia Aid,Australia Awards Pacific Scholarships,,2026-12-31,62601.11
NR,Nauru,NZ-1-ACT-0100405,New Zealand Ministry of Foreign Affairs and Trade,ADB Pacific Private Sector Development Initiative Phase IV,,2026-11-30,56854.72
NR,Nauru,XM-DAC-41304-570RAS4006,"United Nations Educational, Scientific and Cultural Organization (UNESCO)",UNESCO Asia-Pacific Awards for Cultural Heritage Conservation,,2026-11-30,52333.56
NR,Nauru,NZ-1-ACT-0103469,New Zealand Ministry of Foreign Affairs and Trade,Anamata and Scholarships Future State,,2027-02-01,46231.1
NR,Nauru,XM-DAC-45001-C475,International Trade Centre (ITC),Pacific: EU-Pacific Business Forum,,2026-10-27,44776.08
NR,Nauru,AU-5-INM394,Australia Aid,Australia Awards Pacific Scholarship - 2018 Intake,,2026-12-31,41509.44
NR,Nauru,NZ-1-ACT-0104607,New Zealand Ministry of Foreign Affairs and Trade,FY25-26 Pacific Diplomatic Training In-Country & In-Region,,2026-12-20,20435.79
NR,Nauru,NZ-1-ACT-0104602,New Zealand Ministry of Foreign Affairs and Trade,FY25-26 Pacific Good Governance In-Country,,2026-10-20,15107.95
NR,Nauru,NZ-1-ACT-0104606,New Zealand Ministry of Foreign Affairs and Trade,FY25-26 Pacific Infrastructure Project Management In Country,,2026-12-20,10372.67
NR,Nauru,NZ-1-ACT-0104608,New Zealand Ministry of Foreign Affairs and Trade,FY25-26 Pacific Climate Resilience In-Country,,2026-12-20,8544.35
NR,Nauru,NZ-1-ACT-0104605,New Zealand Ministry of Foreign Affairs and Trade,FY25-26 Pacific Public Sector Leadership (Mid-Level) Course 2 In Country,,2026-12-20,4345.31
NR,Nauru,XM-DAC-41114-PROJECT-00127786,United Nations Development Programme,Nauru Accountable Inclusive Governance (NAIG) Project,,2026-12-31,
NU,Niue,NZ-1-ACT-0102911,New Zealand Ministry of Foreign Affairs and Trade,Niue Renewable Energy and Energy Efficiency 2024 - Phase 2,,2027-04-01,9820671.0
NU,Niue,NZ-1-ACT-0104285,New Zealand Ministry of Foreign Affairs and Trade,Niue Core and Sector Support 2025-26,,2026-12-31,8851202.0
NU,Niue,NZ-1-ACT-0100787,New Zealand Ministry of Foreign Affairs and Trade,Niue Sector Support: Asset Management: 2019/20-2025/26,,2026-12-31,6523446.5
NU,Niue,NZ-1-ACT-0100216,New Zealand Ministry of Foreign Affairs and Trade,Pacific Maritime Safety Programme Phase 3 + 4,,2026-11-30,2191373.24
NU,Niue,NZ-1-ACT-0102034,New Zealand Ministry of Foreign Affairs and Trade,Pacific Justice Sector 2021-2026,,2026-11-30,620556.55
NU,Niue,NZ-1-ACT-0101074,New Zealand Ministry of Foreign Affairs and Trade,Pacific Infrastructure Technical Assistance Fund (PITAF),,2027-03-31,153071.36
NU,Niue,NZ-1-ACT-0103469,New Zealand Ministry of Foreign Affairs and Trade,Anamata and Scholarships Future State,,2027-02-01,46231.1
NU,Niue,AU-5-INO015,Australia Aid,Australia Awards Pacific Scholarships,,2026-12-31,45070.49
NU,Niue,XM-DAC-45001-C475,International Trade Centre (ITC),Pacific: EU-Pacific Business Forum,,2026-10-27,44776.08
NU,Niue,NZ-1-ACT-0104607,New Zealand Ministry of Foreign Affairs and Trade,FY25-26 Pacific Diplomatic Training In-Country & In-Region,,2026-12-20,40871.59
NU,Niue,NZ-1-ACT-0104606,New Zealand Ministry of Foreign Affairs and Trade,FY25-26 Pacific Infrastructure Project Management In Country,,2026-12-20,20776.49
NU,Niue,NZ-1-ACT-0104608,New Zealand Ministry of Foreign Affairs and Trade,FY25-26 Pacific Climate Resilience In-Country,,2026-12-20,17063.12
NU,Niue,NZ-1-ACT-0104602,New Zealand Ministry of Foreign Affairs and Trade,FY25-26 Pacific Good Governance In-Country,,2026-10-20,15131.38
NU,Niue,NZ-1-ACT-0104605,New Zealand Ministry of Foreign Affairs and Trade,FY25-26 Pacific Public Sector Leadership (Mid-Level) Course 2 In Country,,2026-12-20,8822.29
NU,Niue,NZ-1-ACT-0100405,New Zealand Ministry of Foreign Affairs and Trade,ADB Pacific Private Sector Development Initiative Phase IV,,2026-11-30,7554.12
PG,Papua New Guinea,XI-IATI-EC_INTPA-2019-PCC-410934,European Commission - Directorate-General for International Partnerships,"Support to Rural Entrepreneurship, Investment and Trade in Papua New Guinea (STREIT PNG)",,2026-12-25,90595840.0
PG,Papua New Guinea,XM-DAC-41301-650700,Food and Agriculture Organization (FAO),"Support to Rural Entrepreneurship, Investment and Trade in Papua New Guinea (STREIT PNG)",,2026-12-24,55038052.0
PG,Papua New Guinea,44000-P155087,World Bank,Water Supply and Sanitation Development Project,,2026-10-30,30174348.0
PG,Papua New Guinea,47045-PNG-M-RAM-4,"The Global Fund to Fight AIDS, Tuberculosis and Malaria",Managing malaria control program in Papua New Guinea - Papua New Guinea (01-Jan-2024-31-Dec-2026),,2026-12-31,29797154.0
PG,Papua New Guinea,47122-PNG-MR,"Gavi, The Vaccine Alliance",Papua New Guinea: Measles and Measles-rubella,,2026-12-31,20525620.0
PG,Papua New Guinea,47045-PNG-C-WV-3,"The Global Fund to Fight AIDS, Tuberculosis and Malaria",Managing integrated TB/HIV response in Papua New Guinea - Papua New Guinea (01-Jan-2025-31-Dec-2026),,2026-12-31,19193094.0
PG,Papua New Guinea,47122-PNG-PENTA,"Gavi, The Vaccine Alliance",Papua New Guinea: Pentavalent,,2026-12-31,13735715.0
PG,Papua New Guinea,47122-PNG-PCV,"Gavi, The Vaccine Alliance",Papua New Guinea: Pneumococcal Conjugate Vaccines,,2026-12-31,13123936.0
PG,Papua New Guinea,AU-5-INM023,Australia Aid,Australia Awards Papua New Guinea,,2026-12-31,12912565.0
PG,Papua New Guinea,AU-5-INN899,Australia Aid,Pacific Research Program – Phase 2,,2027-01-31,12524854.0
PG,Papua New Guinea,XM-DAC-41114-OUTPUT-00093582,United Nations Development Programme,PNG-00093582 | GEF6 Sustainable Financing of Protected Areas,,2026-10-31,11217620.0
PG,Papua New Guinea,47122-PNG-IPV,"Gavi, The Vaccine Alliance",Papua New Guinea: Inactivated Polio Vaccine,,2026-12-31,10991375.0
PG,Papua New Guinea,NZ-1-ACT-0100962,New Zealand Ministry of Foreign Affairs and Trade,Fred Hollows Foundation New Zealand Centre of Excellence Ophthalmology Papua New Guinea,,2026-12-31,10936721.0
PG,Papua New Guinea,XI-IATI-EC_INTPA-2021-PCC-424359,European Commission - Directorate-General for International Partnerships,Preventing and Countering Corruption in Papua New Guinea (¿PNG Anti-Corruption Project¿),,2026-12-15,10221502.0
PG,Papua New Guinea,XM-DAC-41114-OUTPUT-00123935,United Nations Development Programme,PNG-00123935 | EU PNG Anti-Corruption Project,,2026-12-31,7536391.0
PG,Papua New Guinea,XM-DAC-41114-OUTPUT-00123941,United Nations Development Programme,Strengthening Integrated[Enga],,2026-10-30,5324847.0
PG,Papua New Guinea,XI-IATI-EC_INTPA-2023-PC-25905,European Commission - Directorate-General for International Partnerships,South Bougainville WASH Programme,,2027-01-07,3313267.8
PG,Papua New Guinea,AU-5-INM116,Australia Aid,Humanitarian Preparedness and Response Activities,,2027-01-31,3052315.5
PG,Papua New Guinea,XI-IATI-EC_INTPA-2023-PC-25888,European Commission - Directorate-General for International Partnerships,Technical Assistance to Strenghtening Transparent and Accountable Governance in Papua New Guinea,,2027-01-15,2990159.0
PG,Papua New Guinea,XM-DAC-41114-OUTPUT-01003451,United Nations Development Programme,PNG-01003451 | NZ Biodiversity Trust Fund Grants,,2026-10-31,2932142.0
PG,Papua New Guinea,XM-DAC-41114-OUTPUT-00127168,United Nations Development Programme,Sustaining Peace - Economic Em,,2026-11-30,2682155.0
PG,Papua New Guinea,XM-DAC-41114-OUTPUT-01002369,United Nations Development Programme,Humanitarian Advisory Team Project,,2026-12-31,2662953.0
PG,Papua New Guinea,XM-DAC-41114-OUTPUT-00128236,United Nations Development Programme,PNG-00128236 | Investing in coral reefs,,2026-12-31,2627487.0
PG,Papua New Guinea,NZ-1-ACT-0102607,New Zealand Ministry of Foreign Affairs and Trade,Negotiated Partnership: ADRA Implementation,,2027-02-28,1713112.39
PG,Papua New Guinea,XI-IATI-EC_INTPA-2023-PC-34003,European Commission - Directorate-General for International Partnerships,Transparency and Accountability in Papua New Guinea Project (TAP Project),,2027-01-01,1610641.0
PG,Papua New Guinea,XI-IATI-EC_INTPA-2023-PC-34585,European Commission - Directorate-General for International Partnerships,Provision of ICT equipment and solar energy systems in Bougainville,,2027-01-08,1482817.5
PG,Papua New Guinea,NZ-1-ACT-0102606,New Zealand Ministry of Foreign Affairs and Trade,Negotiated Partnership: UNICEF NZ Implementation,,2027-02-28,1214607.2
PG,Papua New Guinea,US-GOV-1-AID-OAA-TO-15-00004,U.S. Agency for International Development,Global Health Supply Chain - Rapid Test Kits (GHSC-RTK),,2026-11-28,1204449.34
PG,Papua New Guinea,NZ-1-ACT-0101195,New Zealand Ministry of Foreign Affairs and Trade,Climate Change Programme - Ecosystems Resilience,,2026-10-31,1173540.92
PG,Papua New Guinea,NZ-1-ACT-0102602,New Zealand Ministry of Foreign Affairs and Trade,Negotiated Partnerships: Oxfam Aotearoa Implementation,,2027-04-01,1078099.74
PG,Papua New Guinea,NZ-1-ACT-0100405,New Zealand Ministry of Foreign Affairs and Trade,ADB Pacific Private Sector Development Initiative Phase IV,,2026-11-30,1017818.83
PG,Papua New Guinea,XI-IATI-EC_INTPA-2023-PC-25006,European Commission - Directorate-General for International Partnerships,Flower Power: Floriculture for Economic Empowerment for Women & Girls,,2027-01-07,1015004.8
PG,Papua New Guinea,US-GOV-1-72049224C00001,U.S. Agency for International Development,"Philippines, Pacific Islands, and Mongolia Monitoring, Evaluation, and Learning Activity (PIMMELA)",,2027-01-15,991122.69
PG,Papua New Guinea,XM-DAC-41114-OUTPUT-01001902,United Nations Development Programme,PNG-01001902 | EU Transparency and Accountability in PNG Project,,2026-12-31,964501.0
PG,Papua New Guinea,DE-1-202376663,Federal Ministry for Economic Cooperation and Development (BMZ),Strengthening Sustainable Community Land and Resource Use Through Village Based Eco Enterprise and Linkage to ,,2026-12-31,918060.75
PG,Papua New Guinea,XI-IATI-EC_INTPA-2023-PC-26100,European Commission - Directorate-General for International Partnerships,Technical Assistance support to the WASH sector on Bougainville,,2026-12-07,842979.06
PG,Papua New Guinea,NZ-1-ACT-0102990,New Zealand Ministry of Foreign Affairs and Trade,Pacific Insurance and Climate Adaptation Programme (PICAP),,2027-01-31,763322.07
PG,Papua New Guinea,XM-DAC-41114-OUTPUT-01002854,United Nations Development Programme,Provincial Capacity Building (PCaB) Programme,,2026-12-31,684470.0
PG,Papua New Guinea,XM-DAC-41114-OUTPUT-01005532,United Nations Development Programme,PNG-01005532 | MPTF-UK Bougainville Facilitator Consultation Project,,2026-12-31,661530.0
PG,Papua New Guinea,NZ-1-ACT-0102034,New Zealand Ministry of Foreign Affairs and Trade,Pacific Justice Sector 2021-2026,,2026-11-30,620556.55
PG,Papua New Guinea,NZ-1-ACT-0103469,New Zealand Ministry of Foreign Affairs and Trade,Anamata and Scholarships Future State,,2027-02-01,462310.97
PG,Papua New Guinea,SE-0-SE-6-15221-15221A0103,Sweden,WaterAid WASH and climate resilient WASH 2023-2026 - WaterAid Core support (New Strategy 2025-2029),,2026-12-31,410418.61
PG,Papua New Guinea,XI-IATI-EC_INTPA-2026-PC-75060,European Commission - Directorate-General for International Partnerships,5th EU-PNG Business Forum,,2027-02-09,372371.25
PG,Papua New Guinea,XM-DAC-41114-OUTPUT-01005689,United Nations Development Programme,PNG-01005689 | MPTF Disaster Risk Management,,2026-12-31,368895.0
PG,Papua New Guinea,NZ-1-ACT-0105166,New Zealand Ministry of Foreign Affairs and Trade,2026 Tropical Cyclone Maila Response - Papua New Guinea,,2027-03-31,342182.2
PG,Papua New Guinea,XI-IATI-EC_INTPA-2023-PC-32110,European Commission - Directorate-General for International Partnerships,Programme Estimate No. 1 EU-PNG Partnership for Good Governance,,2026-12-27,290186.5
PG,Papua New Guinea,DE-1-202232247,Federal Ministry for Economic Cooperation and Development (BMZ),Transitional Dialogues after the Independence Referendum in Bougainville,,2026-12-31,282227.44
PG,Papua New Guinea,AU-5-INM415,Australia Aid,Humanitarian Emergency Medical Preparedness & Engagement,,2026-12-31,220586.57
PG,Papua New Guinea,XI-IATI-EC_INTPA-2024-PC-42669,European Commission - Directorate-General for International Partnerships,EU-PNG Public Diplomacy support,,2026-12-08,202940.45
PG,Papua New Guinea,XI-IATI-EC_INTPA-2025-PC-61089,European Commission - Directorate-General for International Partnerships,Technical Assistance to the PNG Department of National Planning and Monitoring on EU Development Cooperation,,2027-01-23,194117.75
PG,Papua New Guinea,NZ-1-ACT-0102286,New Zealand Ministry of Foreign Affairs and Trade,Pacific Digital Economy Programme,,2027-03-01,181843.94
PG,Papua New Guinea,XM-DAC-301-2-109293-001,International Development Research Centre,"Knowledge and Innovation Exchange hub for education in Asia, Europe, the Pacific, Middle East, and North Afric",,2027-04-01,173201.79
PG,Papua New Guinea,DE-1-202276921,Federal Ministry for Economic Cooperation and Development (BMZ),Organisational development,,2026-12-31,160565.03
PG,Papua New Guinea,DE-1-202430999,Federal Ministry for Economic Cooperation and Development (BMZ),Contribution to peacebuilding in Papua New Guinea,,2027-02-28,124687.56
PG,Papua New Guinea,DE-1-202375509,Federal Ministry for Economic Cooperation and Development (BMZ),Bringing Quality Health Care to Rural Communities,,2026-10-31,122279.32
PG,Papua New Guinea,NZ-1-ACT-0104607,New Zealand Ministry of Foreign Affairs and Trade,FY25-26 Pacific Diplomatic Training In-Country & In-Region,,2026-12-20,81804.54
PG,Papua New Guinea,XM-DAC-45001-C475,International Trade Centre (ITC),Pacific: EU-Pacific Business Forum,,2026-10-27,74626.8
PG,Papua New Guinea,AU-5-INO412,Australia Aid,Melanesian Spearhead Group (MSG) Secretariat Strengthening Project,,2026-12-31,62405.5
PG,Papua New Guinea,XM-DAC-41304-570RAS4006,"United Nations Educational, Scientific and Cultural Organization (UNESCO)",UNESCO Asia-Pacific Awards for Cultural Heritage Conservation,,2026-11-30,52333.56
PG,Papua New Guinea,AU-5-INO913,Australia Aid,"Pacific Islands Forum, Geneva: WTO and Trade and Environment Support",,2026-12-31,47031.62
PG,Papua New Guinea,NZ-1-ACT-0104606,New Zealand Ministry of Foreign Affairs and Trade,FY25-26 Pacific Infrastructure Project Management In Country,,2026-12-20,31149.16
PG,Papua New Guinea,XM-DAC-41114-OUTPUT-01005691,United Nations Development Programme,"PNG-01005691 | FW Advancing Human Rights, responsible business and Environmental Justice in Papua New Guinea",,2026-10-30,30160.0
PG,Papua New Guinea,NZ-1-ACT-0104608,New Zealand Ministry of Foreign Affairs and Trade,FY25-26 Pacific Climate Resilience In-Country,,2026-12-20,25581.89
PG,Papua New Guinea,GB-CHC-1076235-W1639,BBC Media Action,Pacific Region Media Strengthening Project,,2027-03-31,23454.8
PG,Papua New Guinea,NZ-1-ACT-0104602,New Zealand Ministry of Foreign Affairs and Trade,FY25-26 Pacific Good Governance In-Country,,2026-10-20,22673.64
PG,Papua New Guinea,XM-DAC-301-2-109293-002,International Development Research Centre,"Knowledge and Innovation Exchange hub for education in Asia, Europe, the Pacific, Middle East, and North Afric",,2027-04-01,14998.42
PG,Papua New Guinea,KR-GOV-030-1342000_2026_041,Office for Government Policy Coordination,Digital Education Capacity Building for Students and Policy Makers in Developing Countries(APEC Digital Educat,,2026-12-31,14316.67
PG,Papua New Guinea,NZ-1-ACT-0104605,New Zealand Ministry of Foreign Affairs and Trade,FY25-26 Pacific Public Sector Leadership (Mid-Level) Course 2 In Country,,2026-12-20,13167.6
PG,Papua New Guinea,XI-GRID-grid.7836.a-426471,University of Cape Town,Transforming Energy Access - Learning Partnership Upscale,,2026-12-31,879.46
PG,Papua New Guinea,US-GOV-11-72049224C00001-229158,Department of State,"Philippines, Pacific Islands, and Mongolia Monitoring, Evaluation, and Learning Activity (PIMMELA)",,2027-01-15,
PG,Papua New Guinea,SE-0-SE-6-15221,Sweden,WaterAid WASH and climate resilient WASH 2023-2026,,2026-12-31,
PG,Papua New Guinea,XM-DAC-41301-669183,Food and Agriculture Organization (FAO),"Support to Rural Entrepreneurship, Investment and Trade in Papua New Guinea (STREIT PNG)",,2026-12-24,
PG,Papua New Guinea,XM-DAC-301-2-109293-003,International Development Research Centre,"Knowledge and Innovation Exchange hub for education in Asia, Europe, the Pacific, Middle East, and North Afric",,2027-04-01,
PG,Papua New Guinea,XM-DAC-47066-DP5742,International Organization for Migration (IOM),Emergency response to tropical cyclone Maila in Papua New Guinea,,2026-11-01,
PG,Papua New Guinea,XM-DAC-41114-PROJECT-00086294,United Nations Development Programme,PIMS5507 FSP Sustainable Finance of Papua New Guinea,,2026-10-31,
PG,Papua New Guinea,XM-DAC-41114-PROJECT-00130707,United Nations Development Programme,PNG Anticorruption Project,,2026-12-31,
PG,Papua New Guinea,XM-DAC-41114-PROJECT-00130712,United Nations Development Programme,Strengthening Integrated Sustainable Landscape Managemen,,2026-10-30,
PG,Papua New Guinea,XM-DAC-41114-PROJECT-00136151,United Nations Development Programme,Sustaining Peace through Economic Empowerment,,2026-11-30,
PG,Papua New Guinea,XM-DAC-41114-PROJECT-00138062,United Nations Development Programme,Investing in Coral Reefs  the Blue Economy BEEIF,,2026-12-31,
PG,Papua New Guinea,XM-DAC-41114-PROJECT-01001902,United Nations Development Programme,PNG-01001902 | EU Transparency and Accountability in PNG Project,,2026-12-31,
PG,Papua New Guinea,XM-DAC-41114-PROJECT-01002369,United Nations Development Programme,Humanitarian Advisory Team Project,,2026-12-31,
PG,Papua New Guinea,XM-DAC-41114-PROJECT-01002854,United Nations Development Programme,Provincial Capacity Building (PCaB) Programme,,2026-12-31,
PG,Papua New Guinea,XM-DAC-41114-PROJECT-01003451,United Nations Development Programme,PNG-01003451 | NZ Biodiversity Trust Fund Grants,,2026-10-31,
PG,Papua New Guinea,XM-DAC-41114-PROJECT-01005532,United Nations Development Programme,PNG-01005532 | MPTF-UK Bougainville Facilitator Consultation Project,,2026-12-31,
PG,Papua New Guinea,XM-DAC-41114-PROJECT-01005689,United Nations Development Programme,PNG-01005689 | MPTF Disaster Risk Management,,2026-12-31,
PG,Papua New Guinea,XM-DAC-41114-PROJECT-01005691,United Nations Development Programme,"PNG-01005691 | FW Advancing Human Rights, responsible business and Environmental Justice in Papua New Guinea",,2026-10-30,
PW,Palau,NZ-1-ACT-0103879,New Zealand Ministry of Foreign Affairs and Trade,MFC1-02 Strengthening Climate Resilience of Communities and Marine Ecosystems in Palau,,2027-01-31,774416.75
PW,Palau,NZ-1-ACT-0101368,New Zealand Ministry of Foreign Affairs and Trade,Climate Change Programme - Building resilient systems for integrated water resource management,,2026-12-01,657473.0
PW,Palau,NZ-1-ACT-0102034,New Zealand Ministry of Foreign Affairs and Trade,Pacific Justice Sector 2021-2026,,2026-11-30,620556.55
PW,Palau,XM-DAC-41114-OUTPUT-00102523,United Nations Development Programme,PW LG Min. State Capacity,,2026-10-31,154452.0
PW,Palau,NZ-1-ACT-0100405,New Zealand Ministry of Foreign Affairs and Trade,ADB Pacific Private Sector Development Initiative Phase IV,,2026-11-30,127624.94
PW,Palau,XM-DAC-41114-OUTPUT-00102526,United Nations Development Programme,PW LG Citizen Engagement,,2026-10-31,121676.0
PW,Palau,NZ-1-ACT-0103612,New Zealand Ministry of Foreign Affairs and Trade,North Pacific 2023 Tertiary Scholarships,,2027-02-28,105875.97
PW,Palau,XM-DAC-41304-570RAS4006,"United Nations Educational, Scientific and Cultural Organization (UNESCO)",UNESCO Asia-Pacific Awards for Cultural Heritage Conservation,,2026-11-30,52333.56
PW,Palau,XM-DAC-45001-C475,International Trade Centre (ITC),Pacific: EU-Pacific Business Forum,,2026-10-27,44776.08
PW,Palau,NZ-1-ACT-0104607,New Zealand Ministry of Foreign Affairs and Trade,FY25-26 Pacific Diplomatic Training In-Country & In-Region,,2026-12-20,40871.59
PW,Palau,AU-5-INM394,Australia Aid,Australia Awards Pacific Scholarship - 2018 Intake,,2026-12-31,30948.21
PW,Palau,NZ-1-ACT-0104608,New Zealand Ministry of Foreign Affairs and Trade,FY25-26 Pacific Climate Resilience In-Country,,2026-12-20,8544.35
PW,Palau,NZ-1-ACT-0104602,New Zealand Ministry of Foreign Affairs and Trade,FY25-26 Pacific Good Governance In-Country,,2026-10-20,7542.27
PW,Palau,NZ-1-ACT-0104605,New Zealand Ministry of Foreign Affairs and Trade,FY25-26 Pacific Public Sector Leadership (Mid-Level) Course 2 In Country,,2026-12-20,4476.99
SB,Solomon Islands,44000-P178676,World Bank,The First Solomon Islands Resilience DPO with a Catastrophe Deferred Drawdown Option,,2026-12-31,20607364.0
SB,Solomon Islands,NZ-1-ACT-0A12445,New Zealand Ministry of Foreign Affairs and Trade,Solomon Islands Policing Support,,2027-03-31,15587602.0
SB,Solomon Islands,44000-P173043,World Bank,Solomon Islands Agriculture and Rural Transformation Project,,2026-12-31,10421624.0
SB,Solomon Islands,47045-SLB-Z-WVI-1,"The Global Fund to Fight AIDS, Tuberculosis and Malaria",Support to the Solomon Islands to reduce the incidence of Malaria and Tuberculosis - Solomon Islands (01-Jan-2,,2026-12-31,5986506.0
SB,Solomon Islands,XM-DAC-41301-618735,Food and Agriculture Organization (FAO),Integrated forest management in the Solomon Islands (FSP),,2026-12-31,4714185.5
SB,Solomon Islands,XM-DAC-41114-OUTPUT-00127761,United Nations Development Programme,Integrated Approach to Disaster Risk Management (DRM) in Solomon Islands (2021-2023),,2026-12-31,2805930.0
SB,Solomon Islands,NZ-1-ACT-0102602,New Zealand Ministry of Foreign Affairs and Trade,Negotiated Partnerships: Oxfam Aotearoa Implementation,,2027-04-01,2216093.91
SB,Solomon Islands,NZ-1-ACT-0102608,New Zealand Ministry of Foreign Affairs and Trade,Negotiated Partnership: TearFund New Zealand (TFNZ) Implementation,,2026-11-30,1825488.1
SB,Solomon Islands,47122-SLB-PENTA,"Gavi, The Vaccine Alliance",Solomon Islands: Pentavalent,,2026-12-31,1496591.4
SB,Solomon Islands,NZ-1-ACT-0101037,New Zealand Ministry of Foreign Affairs and Trade,Solomon Islands Tourism Recovery Programme,,2027-03-31,1447582.9
SB,Solomon Islands,47122-SLB-PCV,"Gavi, The Vaccine Alliance",Solomon Islands: Pneumococcal Conjugate Vaccines,,2026-12-31,1410326.8
SB,Solomon Islands,NZ-1-ACT-0102606,New Zealand Ministry of Foreign Affairs and Trade,Negotiated Partnership: UNICEF NZ Implementation,,2027-02-28,1366433.1
SB,Solomon Islands,47122-SLB-HPV,"Gavi, The Vaccine Alliance",Solomon Islands: Human Papillomavirus,,2026-12-31,1089344.9
SB,Solomon Islands,XM-DAC-41301-698302,Food and Agriculture Organization (FAO),Strengthening capacity in the agriculture and land-use as well as energy sectors in Solomon Islands for enhanc,,2026-12-31,865099.8
SB,Solomon Islands,NZ-1-ACT-0100405,New Zealand Ministry of Foreign Affairs and Trade,ADB Pacific Private Sector Development Initiative Phase IV,,2026-11-30,811074.38
SB,Solomon Islands,NZ-1-ACT-0101074,New Zealand Ministry of Foreign Affairs and Trade,Pacific Infrastructure Technical Assistance Fund (PITAF),,2027-03-31,765356.81
SB,Solomon Islands,NZ-1-ACT-0102990,New Zealand Ministry of Foreign Affairs and Trade,Pacific Insurance and Climate Adaptation Programme (PICAP),,2027-01-31,763322.07
SB,Solomon Islands,47122-SLB-IPV,"Gavi, The Vaccine Alliance",Solomon Islands: Inactivated Polio Vaccine,,2026-12-31,745531.5
SB,Solomon Islands,47122-SLB-MR,"Gavi, The Vaccine Alliance",Solomon Islands: Measles and Measles-rubella,,2026-12-31,729209.6
SB,Solomon Islands,NZ-1-ACT-0101368,New Zealand Ministry of Foreign Affairs and Trade,Climate Change Programme - Building resilient systems for integrated water resource management,,2026-12-01,657473.0
SB,Solomon Islands,AU-5-INO526,Australia Aid,Australia Skills Program (Solomon Islands),,2026-12-31,630879.44
SB,Solomon Islands,NZ-1-ACT-0102034,New Zealand Ministry of Foreign Affairs and Trade,Pacific Justice Sector 2021-2026,,2026-11-30,620556.55
SB,Solomon Islands,XI-IATI-EC_INTPA-2023-PC-35488,European Commission - Directorate-General for International Partnerships,Youth Economic and Climate Action,,2026-12-31,613920.8
SB,Solomon Islands,XI-IATI-EC_INTPA-2024-PC-38468,European Commission - Directorate-General for International Partnerships,Building Voices for Accountability (BVA),,2027-04-01,604684.1
SB,Solomon Islands,47122-SLB-RV,"Gavi, The Vaccine Alliance",Solomon Islands: Rotavirus,,2026-12-31,540606.75
SB,Solomon Islands,XI-BRIDGE-6385676864-10760,Global Environment Facility,Strengthening capacity in the agriculture and land-use as well as energy sectors in Solomon Islands for enhanc,,2026-12-31,463822.0
SB,Solomon Islands,NZ-1-ACT-0103469,New Zealand Ministry of Foreign Affairs and Trade,Anamata and Scholarships Future State,,2027-02-01,369848.79
SB,Solomon Islands,XM-DAC-41111-XM-DAC-41111-127034-6,United Nations Capital Development Fund,Pacific Digital Economy Progra-UNCDF-00127034,,2026-12-31,340003.0
SB,Solomon Islands,AU-5-INO701,Australia Aid,Development awareness program 2024/25-2025/26,,2026-10-30,326390.22
SB,Solomon Islands,AU-5-INM415,Australia Aid,Humanitarian Emergency Medical Preparedness & Engagement,,2026-12-31,220586.57
SB,Solomon Islands,NZ-1-ACT-0105167,New Zealand Ministry of Foreign Affairs and Trade,2026 Tropical Cyclone Maila Response - Solomon Islands,,2027-01-24,196067.27
SB,Solomon Islands,KR-GOV-010-KR-GOV-051-2022010100126,Office for Government Policy Coordination,"Project for the Support to Maternal, Newborn Health Care in Solomon Islands",,2026-12-01,193662.53
SB,Solomon Islands,XM-DAC-47136-SB002,Global Green Growth Institute (GGGI),Solomon Islands Carbon Trading Policy Project,,2027-02-28,182534.86
SB,Solomon Islands,NZ-1-ACT-0102286,New Zealand Ministry of Foreign Affairs and Trade,Pacific Digital Economy Programme,,2027-03-01,181843.94
SB,Solomon Islands,XM-DAC-301-2-109293-001,International Development Research Centre,"Knowledge and Innovation Exchange hub for education in Asia, Europe, the Pacific, Middle East, and North Afric",,2027-04-01,173201.79
SB,Solomon Islands,AU-5-INN612,Australia Aid,United Nations Capital Development Fund Pacific Programmes,,2026-12-31,74250.38
SB,Solomon Islands,AU-5-INO412,Australia Aid,Melanesian Spearhead Group (MSG) Secretariat Strengthening Project,,2026-12-31,62405.5
SB,Solomon Islands,NZ-1-ACT-0104607,New Zealand Ministry of Foreign Affairs and Trade,FY25-26 Pacific Diplomatic Training In-Country & In-Region,,2026-12-20,61368.75
SB,Solomon Islands,GB-CHC-1076235-W1639,BBC Media Action,Pacific Region Media Strengthening Project,,2027-03-31,55705.14
SB,Solomon Islands,XM-DAC-41304-570RAS4006,"United Nations Educational, Scientific and Cultural Organization (UNESCO)",UNESCO Asia-Pacific Awards for Cultural Heritage Conservation,,2026-11-30,52333.56
SB,Solomon Islands,AU-5-INO015,Australia Aid,Australia Awards Pacific Scholarships,,2026-12-31,51891.85
SB,Solomon Islands,XM-DAC-45001-C475,International Trade Centre (ITC),Pacific: EU-Pacific Business Forum,,2026-10-27,44776.08
SB,Solomon Islands,NZ-1-ACT-0104606,New Zealand Ministry of Foreign Affairs and Trade,FY25-26 Pacific Infrastructure Project Management In Country,,2026-12-20,41521.83
SB,Solomon Islands,GB-GOV-1-400607-435,"UK - Foreign, Commonwealth Development Office (FCDO)",Support to the Government of the Solomon Islands to Implement the Extractive Industry Transparency Initiative,,2027-03-31,38479.87
SB,Solomon Islands,NZ-1-ACT-0104608,New Zealand Ministry of Foreign Affairs and Trade,FY25-26 Pacific Climate Resilience In-Country,,2026-12-20,34100.66
SB,Solomon Islands,NZ-1-ACT-0104602,New Zealand Ministry of Foreign Affairs and Trade,FY25-26 Pacific Good Governance In-Country,,2026-10-20,22673.64
SB,Solomon Islands,XM-DAC-301-2-109293-002,International Development Research Centre,"Knowledge and Innovation Exchange hub for education in Asia, Europe, the Pacific, Middle East, and North Afric",,2027-04-01,14998.42
SB,Solomon Islands,NZ-1-ACT-0104605,New Zealand Ministry of Foreign Affairs and Trade,FY25-26 Pacific Public Sector Leadership (Mid-Level) Course 2 In Country,,2026-12-20,13167.6
SB,Solomon Islands,KR-GOV-010-KR-GOV-051-2024040102398,Office for Government Policy Coordination,Master's Degree Program in Water Resources Management(2024),,2026-12-01,5393.72
SB,Solomon Islands,AU-5-INM394,Australia Aid,Australia Awards Pacific Scholarship - 2018 Intake,,2026-12-31,4831.33
SB,Solomon Islands,XM-DAC-47066-PX.0529,International Organization for Migration (IOM),Strengthening Trafficking in Persons (TIP) Legislation and Trauma-Informed Victim Identification in Solomon Is,,2026-11-30,
SB,Solomon Islands,XM-DAC-301-2-109293-003,International Development Research Centre,"Knowledge and Innovation Exchange hub for education in Asia, Europe, the Pacific, Middle East, and North Afric",,2027-04-01,
SB,Solomon Islands,GB-GOV-1-400607-437,"UK - Foreign, Commonwealth Development Office (FCDO)",Strengthening Electricity Sector Governance in Solomon Islands,,2027-03-31,
SB,Solomon Islands,XM-DAC-47066-DP5761,International Organization for Migration (IOM),Lifesaving Assistance for Displaced Persons and Households affected by Tropical Cyclone Maila in Solomon Islan,,2026-11-29,
SB,Solomon Islands,XM-DAC-701-8-202517378,Japan International Cooperation Agency (JICA),経済社会開発計画（簡易製材機）,,2027-01-13,
SB,Solomon Islands,XM-DAC-701-8-202517379,Japan International Cooperation Agency (JICA),経済社会開発計画（廃棄物処理機材）,,2027-01-13,
SB,Solomon Islands,XM-DAC-41114-PROJECT-00127638,United Nations Development Programme,SOI DRM COVID19,,2026-12-31,
SB,Solomon Islands,AU-ABN-94642321640-PACFC03,Conciliation Resources Australia,Strengthening Inclusive and Accountable Security Sector Governance in Fiji,,2027-03-31,
TO,Tonga,NZ-1-ACT-0101368,New Zealand Ministry of Foreign Affairs and Trade,Climate Change Programme - Building resilient systems for integrated water resource management,,2026-12-01,12491986.4
TO,Tonga,44000-P509760,World Bank,"Tonga Second Fiscal, Disaster, and Climate Resilience Development Policy Operation",,2026-12-31,12395929.0
TO,Tonga,AU-5-INN472,Australia Aid,Tonga Health Systems Support Program Phase 3,,2026-12-30,8133312.5
TO,Tonga,XM-DAC-46004-53045-004-GRNT0889,Asian Development Bank,Nuku'alofa Port Upgrade Project,,2026-12-31,5956347.5
TO,Tonga,XM-DAC-46004-50281-001-GRNT0650,Asian Development Bank,Introducing Egovernment through Digital Health,,2027-02-28,5182622.5
TO,Tonga,44000-P179813,World Bank,"Tonga First Fiscal, Disaster, and Climate Resilience Development Policy Operation with a Catastrophe Deferred ",,2026-12-31,5071404.0
TO,Tonga,NZ-1-ACT-0103441,New Zealand Ministry of Foreign Affairs and Trade,Tonga Incentivising Public Sector Reform 24/25,,2026-12-01,4830698.5
TO,Tonga,NZ-1-ACT-0101195,New Zealand Ministry of Foreign Affairs and Trade,Climate Change Programme - Ecosystems Resilience,,2026-10-31,2347081.84
TO,Tonga,NZ-1-ACT-0100216,New Zealand Ministry of Foreign Affairs and Trade,Pacific Maritime Safety Programme Phase 3 + 4,,2026-11-30,2191373.24
TO,Tonga,44000-P171377,World Bank,Statistical Innovation and Capacity Building in Tonga,,2026-12-31,1848013.0
TO,Tonga,CA-3-P014060001,"Foreign Affairs, Trade and Development Canada (DFATD)",The Indigenous climate action partnership,,2026-12-31,1291128.4
TO,Tonga,NZ-1-ACT-0102990,New Zealand Ministry of Foreign Affairs and Trade,Pacific Insurance and Climate Adaptation Programme (PICAP),,2027-01-31,1144983.1
TO,Tonga,NZ-1-ACT-0101226,New Zealand Ministry of Foreign Affairs and Trade,Climate Change Programme - Climate Information for Decision Making,,2026-10-31,1112489.01
TO,Tonga,NZ-1-ACT-0104257,New Zealand Ministry of Foreign Affairs and Trade,"MFC1-06 Climate Resilient Seed Production, Tonga",,2027-03-31,904195.44
TO,Tonga,NZ-1-ACT-0102603,New Zealand Ministry of Foreign Affairs and Trade,Negotiated Partnerships: Habitat for Humanity (HFHNZ) Implementation,,2027-02-28,790182.41
TO,Tonga,NZ-1-ACT-0101074,New Zealand Ministry of Foreign Affairs and Trade,Pacific Infrastructure Technical Assistance Fund (PITAF),,2027-03-31,714332.99
TO,Tonga,NZ-1-ACT-0100405,New Zealand Ministry of Foreign Affairs and Trade,ADB Pacific Private Sector Development Initiative Phase IV,,2026-11-30,636136.77
TO,Tonga,NZ-1-ACT-0102034,New Zealand Ministry of Foreign Affairs and Trade,Pacific Justice Sector 2021-2026,,2026-11-30,620556.55
TO,Tonga,XI-IATI-EC_INTPA-2024-PC-38797,European Commission - Directorate-General for International Partnerships,Climate and WASH Resilience Community Project,,2027-03-19,443728.72
TO,Tonga,NZ-1-ACT-0103469,New Zealand Ministry of Foreign Affairs and Trade,Anamata and Scholarships Future State,,2027-02-01,416079.84
TO,Tonga,AU-5-INO169,Australia Aid,Tonga Gender Equality Investment,,2026-10-30,364735.5
TO,Tonga,NZ-1-ACT-0102286,New Zealand Ministry of Foreign Affairs and Trade,Pacific Digital Economy Programme,,2027-03-01,363687.88
TO,Tonga,XM-DAC-41111-XM-DAC-41111-127034-8,United Nations Capital Development Fund,Pacific Digital Economy Progra-UNCDF-00127034,,2026-12-31,340003.0
TO,Tonga,XM-DAC-41111-XM-DAC-41111-125879-6,United Nations Capital Development Fund,Pacific Insurance Climate Adap-UNCDF-00125879,,2026-12-31,336841.0
TO,Tonga,AU-5-INO184,Australia Aid,Tonga Electoral Support Program,,2026-10-31,274590.62
TO,Tonga,KR-GOV-160-1192000_2024_008,Office for Government Policy Coordination,Capacity building for maritime & fisheries education and establishing a master plan in Pacific Island Countrie,,2026-11-30,220857.4
TO,Tonga,AU-5-INM415,Australia Aid,Humanitarian Emergency Medical Preparedness & Engagement,,2026-12-31,220586.57
TO,Tonga,XM-DAC-301-2-109293-001,International Development Research Centre,"Knowledge and Innovation Exchange hub for education in Asia, Europe, the Pacific, Middle East, and North Afric",,2027-04-01,173201.79
TO,Tonga,XM-DAC-47136-TO005,Global Green Growth Institute (GGGI),Tonga Climate Finance Strategy and donor engagement support,,2027-01-01,113943.42
TO,Tonga,XM-DAC-41304-570RAS4006,"United Nations Educational, Scientific and Cultural Organization (UNESCO)",UNESCO Asia-Pacific Awards for Cultural Heritage Conservation,,2026-11-30,52333.56
TO,Tonga,XM-DAC-41301-750187,Food and Agriculture Organization (FAO),Transforming food systems through ecosystem-based approaches to combat land degradation and loss in ecosystem ,,2026-12-31,46765.46
TO,Tonga,XM-DAC-45001-C475,International Trade Centre (ITC),Pacific: EU-Pacific Business Forum,,2026-10-27,44776.08
TO,Tonga,NZ-1-ACT-0104606,New Zealand Ministry of Foreign Affairs and Trade,FY25-26 Pacific Infrastructure Project Management In Country,,2026-12-20,41521.83
TO,Tonga,NZ-1-ACT-0104607,New Zealand Ministry of Foreign Affairs and Trade,FY25-26 Pacific Diplomatic Training In-Country & In-Region,,2026-12-20,40871.59
TO,Tonga,AU-5-INM394,Australia Aid,Australia Awards Pacific Scholarship - 2018 Intake,,2026-12-31,35727.66
TO,Tonga,AU-5-INO015,Australia Aid,Australia Awards Pacific Scholarships,,2026-12-31,31493.89
TO,Tonga,GB-CHC-1076235-W1639,BBC Media Action,Pacific Region Media Strengthening Project,,2027-03-31,23454.8
TO,Tonga,NZ-1-ACT-0104602,New Zealand Ministry of Foreign Affairs and Trade,FY25-26 Pacific Good Governance In-Country,,2026-10-20,22673.64
TO,Tonga,NZ-1-ACT-0104608,New Zealand Ministry of Foreign Affairs and Trade,FY25-26 Pacific Climate Resilience In-Country,,2026-12-20,17063.12
TO,Tonga,XM-DAC-301-2-109293-002,International Development Research Centre,"Knowledge and Innovation Exchange hub for education in Asia, Europe, the Pacific, Middle East, and North Afric",,2027-04-01,14998.42
TO,Tonga,NZ-1-ACT-0104605,New Zealand Ministry of Foreign Affairs and Trade,FY25-26 Pacific Public Sector Leadership (Mid-Level) Course 2 In Country,,2026-12-20,13167.6
TO,Tonga,CA-3-P015976001,"Foreign Affairs, Trade and Development Canada (DFATD)",Engaging parliamentarians in promoting nuclear security legal frameworks,,2027-02-01,11431.72
TO,Tonga,KR-GOV-010-KR-GOV-051-2024040103032,Office for Government Policy Coordination,Master's Degree Program in Sustainable Regional Development,,2026-12-01,5393.72
TO,Tonga,XM-DAC-301-2-109293-003,International Development Research Centre,"Knowledge and Innovation Exchange hub for education in Asia, Europe, the Pacific, Middle East, and North Afric",,2027-04-01,
TO,Tonga,XM-DAC-701-8-202515677,Japan International Cooperation Agency (JICA),経済社会開発計画（太陽光発電システム関連機材）,,2026-12-09,
TV,Tuvalu,44000-P179820,World Bank,Tuvalu First Climate and Disaster Resilience Development Policy Financing with a Catastrophe Deferred Drawdown,,2026-10-30,7466872.0
TV,Tuvalu,NZ-1-ACT-0100216,New Zealand Ministry of Foreign Affairs and Trade,Pacific Maritime Safety Programme Phase 3 + 4,,2026-11-30,2191373.24
TV,Tuvalu,NZ-1-ACT-0101226,New Zealand Ministry of Foreign Affairs and Trade,Climate Change Programme - Climate Information for Decision Making,,2026-10-31,1112489.01
TV,Tuvalu,NZ-1-ACT-0101195,New Zealand Ministry of Foreign Affairs and Trade,Climate Change Programme - Ecosystems Resilience,,2026-10-31,880155.74
TV,Tuvalu,NZ-1-ACT-0102602,New Zealand Ministry of Foreign Affairs and Trade,Negotiated Partnerships: Oxfam Aotearoa Implementation,,2027-04-01,838522.02
TV,Tuvalu,NZ-1-ACT-0102034,New Zealand Ministry of Foreign Affairs and Trade,Pacific Justice Sector 2021-2026,,2026-11-30,620556.55
TV,Tuvalu,XI-BRIDGE-6385676864-10517,Global Environment Facility,Integrated Agro-ecosystem Approach for enhancing Livelihoods and Climate Resilience in Tuvalu,,2026-11-30,538944.0
TV,Tuvalu,XM-DAC-41111-XM-DAC-41111-125879-7,United Nations Capital Development Fund,Pacific Insurance Climate Adap-UNCDF-00125879,,2026-12-31,336841.0
TV,Tuvalu,XM-DAC-41301-761088,Food and Agriculture Organization (FAO),Developing capacity for implementing Tuvalu National Crops and Livestock Census 2026,,2026-11-30,200176.94
TV,Tuvalu,XM-DAC-301-2-109293-001,International Development Research Centre,"Knowledge and Innovation Exchange hub for education in Asia, Europe, the Pacific, Middle East, and North Afric",,2027-04-01,173201.79
TV,Tuvalu,NZ-1-ACT-0101074,New Zealand Ministry of Foreign Affairs and Trade,Pacific Infrastructure Technical Assistance Fund (PITAF),,2027-03-31,153071.36
TV,Tuvalu,XI-IATI-EC_INTPA-2024-PC-41728,European Commission - Directorate-General for International Partnerships,Support measures for Tuvalu,,2026-12-15,141071.78
TV,Tuvalu,NZ-1-ACT-0103469,New Zealand Ministry of Foreign Affairs and Trade,Anamata and Scholarships Future State,,2027-02-01,110954.63
TV,Tuvalu,AU-5-INO015,Australia Aid,Australia Awards Pacific Scholarships,,2026-12-31,58385.4
TV,Tuvalu,XM-DAC-45001-C475,International Trade Centre (ITC),Pacific: EU-Pacific Business Forum,,2026-10-27,44776.08
TV,Tuvalu,AU-5-INM394,Australia Aid,Australia Awards Pacific Scholarship - 2018 Intake,,2026-12-31,29660.93
TV,Tuvalu,NZ-1-ACT-0104607,New Zealand Ministry of Foreign Affairs and Trade,FY25-26 Pacific Diplomatic Training In-Country & In-Region,,2026-12-20,20435.79
TV,Tuvalu,NZ-1-ACT-0104608,New Zealand Ministry of Foreign Affairs and Trade,FY25-26 Pacific Climate Resilience In-Country,,2026-12-20,17063.12
TV,Tuvalu,NZ-1-ACT-0104602,New Zealand Ministry of Foreign Affairs and Trade,FY25-26 Pacific Good Governance In-Country,,2026-10-20,15107.95
TV,Tuvalu,XM-DAC-301-2-109293-002,International Development Research Centre,"Knowledge and Innovation Exchange hub for education in Asia, Europe, the Pacific, Middle East, and North Afric",,2027-04-01,14998.42
TV,Tuvalu,CA-3-P015976001,"Foreign Affairs, Trade and Development Canada (DFATD)",Engaging parliamentarians in promoting nuclear security legal frameworks,,2027-02-01,11431.72
TV,Tuvalu,NZ-1-ACT-0104606,New Zealand Ministry of Foreign Affairs and Trade,FY25-26 Pacific Infrastructure Project Management In Country,,2026-12-20,10403.82
TV,Tuvalu,AU-5-INO818,Australia Aid,Australia Awards (AAS & AAPS) Management - Tuvalu,,2026-12-31,9248.0
TV,Tuvalu,NZ-1-ACT-0100405,New Zealand Ministry of Foreign Affairs and Trade,ADB Pacific Private Sector Development Initiative Phase IV,,2026-11-30,7554.12
TV,Tuvalu,NZ-1-ACT-0104605,New Zealand Ministry of Foreign Affairs and Trade,FY25-26 Pacific Public Sector Leadership (Mid-Level) Course 2 In Country,,2026-12-20,4345.31
TV,Tuvalu,XM-DAC-301-2-109293-003,International Development Research Centre,"Knowledge and Innovation Exchange hub for education in Asia, Europe, the Pacific, Middle East, and North Afric",,2027-04-01,
TV,Tuvalu,XM-DAC-46004-56138-002-GRNT0952,Asian Development Bank,Pacific Disaster Resilience Program (Phase 5),,2027-03-31,
TV,Tuvalu,KR-GOV-160-1192000_2023_005,Office for Government Policy Coordination,Fishing Community of Tuvalu Development Project,,2026-12-31,
TV,Tuvalu,KR-GOV-090-1543000_2024_024,Office for Government Policy Coordination,Accelerating Green Recovery and Economic Empowerment (AGREE)(IFAD),,2026-12-31,
VU,Vanuatu,AU-5-INN052,Australia Aid,Vanuatu Education Support Program Phase II,,2026-12-20,26914084.0
VU,Vanuatu,NZ-1-ACT-0100416,New Zealand Ministry of Foreign Affairs and Trade,Vanuatu Inter-island Shipping Project Additional Support,,2026-12-31,7576896.0
VU,Vanuatu,NZ-1-ACT-0101798,New Zealand Ministry of Foreign Affairs and Trade,TC Harold Recovery,,2026-12-31,5070046.0
VU,Vanuatu,XM-DAC-46004-56138-002-GRNT0953,Asian Development Bank,Pacific Disaster Resilience Program (Phase 5),,2027-03-31,5000000.0
VU,Vanuatu,NZ-1-ACT-0102039,New Zealand Ministry of Foreign Affairs and Trade,Gender Based Violence Prevention Phase II,,2026-12-31,2801538.5
VU,Vanuatu,NZ-1-ACT-0100035,New Zealand Ministry of Foreign Affairs and Trade,PF 10-582 Vanuatu Beef - AMS #A12849,,2027-03-31,2621299.8
VU,Vanuatu,AU-5-INI637,Australia Aid,DFAT core funding to Wan Smolbag Theatre (WSB) Community Partnership in Vanuatu,,2027-03-31,2579955.0
VU,Vanuatu,NZ-1-ACT-0101195,New Zealand Ministry of Foreign Affairs and Trade,Climate Change Programme - Ecosystems Resilience,,2026-10-31,2347081.84
VU,Vanuatu,XM-DAC-41111-XM-DAC-41111-125168-10,United Nations Capital Development Fund,Leveraging DF to increase resi-UNCDF-00125168,,2026-12-31,1997311.0
VU,Vanuatu,AU-5-INN612,Australia Aid,United Nations Capital Development Fund Pacific Programmes,,2026-12-31,1609391.58
VU,Vanuatu,NZ-1-ACT-0102607,New Zealand Ministry of Foreign Affairs and Trade,Negotiated Partnership: ADRA Implementation,,2027-02-28,1602589.01
VU,Vanuatu,NZ-1-ACT-0102606,New Zealand Ministry of Foreign Affairs and Trade,Negotiated Partnership: UNICEF NZ Implementation,,2027-02-28,1518259.0
VU,Vanuatu,NZ-1-ACT-0102990,New Zealand Ministry of Foreign Affairs and Trade,Pacific Insurance and Climate Adaptation Programme (PICAP),,2027-01-31,1144983.1
VU,Vanuatu,NZ-1-ACT-0101226,New Zealand Ministry of Foreign Affairs and Trade,Climate Change Programme - Climate Information for Decision Making,,2026-10-31,1112489.01
VU,Vanuatu,AU-5-INN063,Australia Aid,Pacific Australia Labour Mobility Scheme (Vanuatu),,2026-12-31,824369.1
VU,Vanuatu,XM-DAC-41301-649476,Food and Agriculture Organization (FAO),Ecosystem Restoration and Sustainable Land Management in Tongoa Island (MSP) (FSP),,2027-03-31,754544.25
VU,Vanuatu,NZ-1-ACT-0101074,New Zealand Ministry of Foreign Affairs and Trade,Pacific Infrastructure Technical Assistance Fund (PITAF),,2027-03-31,663309.21
VU,Vanuatu,XM-DAC-47136-VU15,Global Green Growth Institute (GGGI),Enhancing Adaptation Actions through the National Adaptation Plan,,2027-03-25,654804.25
VU,Vanuatu,NZ-1-ACT-0102608,New Zealand Ministry of Foreign Affairs and Trade,Negotiated Partnership: TearFund New Zealand (TFNZ) Implementation,,2026-11-30,623337.4
VU,Vanuatu,NZ-1-ACT-0102034,New Zealand Ministry of Foreign Affairs and Trade,Pacific Justice Sector 2021-2026,,2026-11-30,620556.55
VU,Vanuatu,AU-5-INO412,Australia Aid,Melanesian Spearhead Group (MSG) Secretariat Strengthening Project,,2026-12-31,436854.44
VU,Vanuatu,NZ-1-ACT-0100405,New Zealand Ministry of Foreign Affairs and Trade,ADB Pacific Private Sector Development Initiative Phase IV,,2026-11-30,414681.66
VU,Vanuatu,XM-DAC-47066-DR.0082,International Organization for Migration (IOM),Strengthening Resilience to Disaster and Displacement Risks,,2026-12-31,396070.25
VU,Vanuatu,AU-5-INO764,Australia Aid,Sef Ples Blong Yumi Vanuatu Phase 2,,2026-10-30,389964.12
VU,Vanuatu,NZ-1-ACT-0103469,New Zealand Ministry of Foreign Affairs and Trade,Anamata and Scholarships Future State,,2027-02-01,369848.79
VU,Vanuatu,XM-DAC-41111-XM-DAC-41111-127034-9,United Nations Capital Development Fund,Pacific Digital Economy Progra-UNCDF-00127034,,2026-12-31,340003.0
VU,Vanuatu,NZ-1-ACT-0103681,New Zealand Ministry of Foreign Affairs and Trade,MF5-05 Menstrual health management for girls/women with disabilities in Vanuatu,,2027-03-31,339705.7
VU,Vanuatu,GB-GOV-1-301369-407,"UK - Foreign, Commonwealth Development Office (FCDO)",Contribution to OCHA Regional Humanitarian Pooled Fund for Asia and the Pacific,,2027-03-31,258646.98
VU,Vanuatu,AU-5-INM415,Australia Aid,Humanitarian Emergency Medical Preparedness & Engagement,,2026-12-31,220586.57
VU,Vanuatu,XM-DAC-47066-CC0083,International Organization for Migration (IOM),Sef ples blong yumi: strengthening evacuation and displacement management for national and local authorities a,,2027-01-31,207179.7
VU,Vanuatu,NZ-1-ACT-0102286,New Zealand Ministry of Foreign Affairs and Trade,Pacific Digital Economy Programme,,2027-03-01,181843.94
VU,Vanuatu,XM-DAC-301-2-109293-001,International Development Research Centre,"Knowledge and Innovation Exchange hub for education in Asia, Europe, the Pacific, Middle East, and North Afric",,2027-04-01,173201.79
VU,Vanuatu,NL-KVK-27108436-A-07827-18:25,Oxfam Novib,Oxfam in Pacific,,2027-03-31,109265.52
VU,Vanuatu,XM-DAC-41301-754297,Food and Agriculture Organization (FAO),Integrating Bioeconomy and Tourism for Sustainable Vanuatu (IBET) (PPG),,2027-03-20,97738.87
VU,Vanuatu,XM-DAC-47136-VU017,Global Green Growth Institute (GGGI),Strengthening the Legal and Operational Framework for Vehicle Emissions Standards in Vanuatu,,2027-02-28,61186.48
VU,Vanuatu,XM-DAC-41304-570RAS4006,"United Nations Educational, Scientific and Cultural Organization (UNESCO)",UNESCO Asia-Pacific Awards for Cultural Heritage Conservation,,2026-11-30,52333.56
VU,Vanuatu,XM-DAC-301-2-110574-001,International Development Research Centre,Promoting sustainable investments in quality and affordable childcare in Vanuatu,,2026-12-01,49179.44
VU,Vanuatu,XM-DAC-45001-C475,International Trade Centre (ITC),Pacific: EU-Pacific Business Forum,,2026-10-27,44776.08
VU,Vanuatu,NZ-1-ACT-0104607,New Zealand Ministry of Foreign Affairs and Trade,FY25-26 Pacific Diplomatic Training In-Country & In-Region,,2026-12-20,40994.32
VU,Vanuatu,NZ-1-ACT-0104606,New Zealand Ministry of Foreign Affairs and Trade,FY25-26 Pacific Infrastructure Project Management In Country,,2026-12-20,31149.16
VU,Vanuatu,NZ-1-ACT-0104608,New Zealand Ministry of Foreign Affairs and Trade,FY25-26 Pacific Climate Resilience In-Country,,2026-12-20,25581.89
VU,Vanuatu,XM-DAC-7-PPR-260001124,Ministry of Foreign Affairs of the Netherlands,Gezamenlijk NL-FRA Micro Project Programma voor 2026-2027 in Vanuatu,,2026-12-31,23247.98
VU,Vanuatu,NZ-1-ACT-0104602,New Zealand Ministry of Foreign Affairs and Trade,FY25-26 Pacific Good Governance In-Country,,2026-10-20,22673.64
VU,Vanuatu,GB-CHC-1076235-W1639,BBC Media Action,Pacific Region Media Strengthening Project,,2027-03-31,20522.95
VU,Vanuatu,XM-DAC-301-2-109293-002,International Development Research Centre,"Knowledge and Innovation Exchange hub for education in Asia, Europe, the Pacific, Middle East, and North Afric",,2027-04-01,14998.42
VU,Vanuatu,CA-3-P015976001,"Foreign Affairs, Trade and Development Canada (DFATD)",Engaging parliamentarians in promoting nuclear security legal frameworks,,2027-02-01,11431.72
VU,Vanuatu,AU-5-INM394,Australia Aid,Australia Awards Pacific Scholarship - 2018 Intake,,2026-12-31,9553.27
VU,Vanuatu,NZ-1-ACT-0104605,New Zealand Ministry of Foreign Affairs and Trade,FY25-26 Pacific Public Sector Leadership (Mid-Level) Course 2 In Country,,2026-12-20,8822.29
VU,Vanuatu,NL-KVK-27378529-4000003042,Netherlands Enterprise Agency,Mental Health and Psychosocial Support (DSS MHPSS),,2026-12-31,
VU,Vanuatu,XM-DAC-47066-PX.0565,International Organization for Migration (IOM),Vanuatu: Piloting Implementation of the National Action Plan to Combat Trafficking in Persons,,2027-01-31,
VU,Vanuatu,XM-DAC-301-2-109293-003,International Development Research Centre,"Knowledge and Innovation Exchange hub for education in Asia, Europe, the Pacific, Middle East, and North Afric",,2027-04-01,
VU,Vanuatu,XM-DAC-701-8-201942320,Japan International Cooperation Agency,サント島における水力発電施設建設計画,,2027-03-31,
VU,Vanuatu,XM-DAC-701-2-2019010024,MINISTRY OF FOREIGN AFFAIRS IN JAPAN,Project for the Disaster Reconstruction of Teouma Bridge,,2026-12-31,
WS,Samoa,44000-P165782,World Bank,Samoa Climate Resilient Transport Project,,2027-03-31,28463276.0
WS,Samoa,XI-IATI-EC_INTPA-2022-PC-24576,European Commission - Directorate-General for International Partnerships,"Samoa, Water Sector Resilience and Climate Change Adaptation Sector Budget Support Programme",,2026-12-22,25064844.0
WS,Samoa,AU-5-INN029,Australia Aid,Samoa Parliament Complex Redevelopment Phase II: Legislative Assembly Office,,2026-12-31,14845905.0
WS,Samoa,XM-DAC-46004-51268-001-GRNT0771,Asian Development Bank,Central Cross Island Road Upgrading Project,,2027-03-31,6263801.0
WS,Samoa,AU-5-INN974,Australia Aid,Pacific Media Assistance Scheme (Phase 4),,2026-12-31,2471664.04
WS,Samoa,NZ-1-ACT-0100216,New Zealand Ministry of Foreign Affairs and Trade,Pacific Maritime Safety Programme Phase 3 + 4,,2026-11-30,2191373.24
WS,Samoa,XM-DAC-41111-XM-DAC-41111-125168-8,United Nations Capital Development Fund (UNCDF),Leveraging DF to increase resi,,2026-12-31,1648202.0
WS,Samoa,NZ-1-ACT-0102603,New Zealand Ministry of Foreign Affairs and Trade,Negotiated Partnerships: Habitat for Humanity (HFHNZ) Implementation,,2027-02-28,1468546.55
WS,Samoa,AU-5-INN697,Australia Aid,Markets for Change (M4C) Program - Samoa,,2026-12-31,1314784.8
WS,Samoa,DAC-1601-INV-061787,Gates Foundation,Samoa Typhoid Fever Control Program Continued Support,,2027-01-31,1285620.0
WS,Samoa,NZ-1-ACT-0102990,New Zealand Ministry of Foreign Affairs and Trade,Pacific Insurance and Climate Adaptation Programme (PICAP),,2027-01-31,1144983.1
WS,Samoa,NZ-1-ACT-0101226,New Zealand Ministry of Foreign Affairs and Trade,Climate Change Programme - Climate Information for Decision Making,,2026-10-31,1112489.01
WS,Samoa,NZ-1-ACT-0103469,New Zealand Ministry of Foreign Affairs and Trade,Anamata and Scholarships Future State,,2027-02-01,924621.9
WS,Samoa,NZ-1-ACT-0102034,New Zealand Ministry of Foreign Affairs and Trade,Pacific Justice Sector 2021-2026,,2026-11-30,620556.55
WS,Samoa,NZ-1-ACT-0100405,New Zealand Ministry of Foreign Affairs and Trade,ADB Pacific Private Sector Development Initiative Phase IV,,2026-11-30,388441.01
WS,Samoa,NZ-1-ACT-0102195,New Zealand Ministry of Foreign Affairs and Trade,Covid-19 - Supporting the World Bank COVID project that will establish a Public Health Laboratory,,2027-02-20,237122.47
WS,Samoa,AU-5-INN925,Australia Aid,Australia Online Studies Scholarship 2022 Intake (Samoa),,2026-12-31,235756.33
WS,Samoa,NZ-1-ACT-0102286,New Zealand Ministry of Foreign Affairs and Trade,Pacific Digital Economy Programme,,2027-03-01,181843.94
WS,Samoa,XM-DAC-301-2-109293-001,International Development Research Centre,"Knowledge and Innovation Exchange hub for education in Asia, Europe, the Pacific, Middle East, and North Afric",,2027-04-01,173201.79
WS,Samoa,XM-DAC-41114-OUTPUT-01005968,United Nations Development Programme,"Governance Towards Resilient, Inclusive, and  Sustainable Development across the Four Polynesian SIDS",,2026-12-31,134843.0
WS,Samoa,XM-DAC-41114-OUTPUT-01003874,United Nations Development Programme,Strengthening equitable access to fair justice for ALL in Samoa,,2026-12-31,96543.0
WS,Samoa,XM-DAC-41114-OUTPUT-01006026,United Nations Development Programme,Strengthening the integrity and the transparent and the accountable governance in Samoa in partnership with th,,2027-03-01,63867.0
WS,Samoa,NZ-1-ACT-0104607,New Zealand Ministry of Foreign Affairs and Trade,FY25-26 Pacific Diplomatic Training In-Country & In-Region,,2026-12-20,61368.75
WS,Samoa,XM-DAC-41114-OUTPUT-01001893,United Nations Development Programme,PIMS-9909 Biodiversity Finance Plan Samoa,,2027-03-06,56103.0
WS,Samoa,XM-DAC-41304-570RAS4006,"United Nations Educational, Scientific and Cultural Organization (UNESCO)",UNESCO Asia-Pacific Awards for Cultural Heritage Conservation,,2026-11-30,52333.56
WS,Samoa,NZ-1-ACT-0101074,New Zealand Ministry of Foreign Affairs and Trade,Pacific Infrastructure Technical Assistance Fund (PITAF),,2027-03-31,51023.79
WS,Samoa,XM-DAC-45001-C475,International Trade Centre (ITC),Pacific: EU-Pacific Business Forum,,2026-10-27,44776.08
WS,Samoa,AU-5-INM394,Australia Aid,Australia Awards Pacific Scholarship - 2018 Intake,,2026-12-31,36623.31
WS,Samoa,NZ-1-ACT-0104606,New Zealand Ministry of Foreign Affairs and Trade,FY25-26 Pacific Infrastructure Project Management In Country,,2026-12-20,31149.16
WS,Samoa,XM-DAC-41301-750488,Food and Agriculture Organization (FAO),Transformation of Agrifood Systems through Smart Agriculture in Samoa,,2027-03-20,24779.25
WS,Samoa,GB-CHC-1076235-W1639,BBC Media Action,Pacific Region Media Strengthening Project,,2027-03-31,23454.8
WS,Samoa,NZ-1-ACT-0104608,New Zealand Ministry of Foreign Affairs and Trade,FY25-26 Pacific Climate Resilience In-Country,,2026-12-20,17037.54
WS,Samoa,NZ-1-ACT-0104602,New Zealand Ministry of Foreign Affairs and Trade,FY25-26 Pacific Good Governance In-Country,,2026-10-20,15107.95
WS,Samoa,XM-DAC-301-2-109293-002,International Development Research Centre,"Knowledge and Innovation Exchange hub for education in Asia, Europe, the Pacific, Middle East, and North Afric",,2027-04-01,14998.42
WS,Samoa,NZ-1-ACT-0104605,New Zealand Ministry of Foreign Affairs and Trade,FY25-26 Pacific Public Sector Leadership (Mid-Level) Course 2 In Country,,2026-12-20,13167.6
WS,Samoa,CA-3-P015976001,"Foreign Affairs, Trade and Development Canada (DFATD)",Engaging parliamentarians in promoting nuclear security legal frameworks,,2027-02-01,11431.72
WS,Samoa,XM-DAC-301-2-109293-003,International Development Research Centre,"Knowledge and Innovation Exchange hub for education in Asia, Europe, the Pacific, Middle East, and North Afric",,2027-04-01,
WS,Samoa,XM-DAC-701-8-202518395,Japan International Cooperation Agency (JICA),経済社会開発計画（気象観測関連機材）,,2027-02-25,
WS,Samoa,XM-DAC-41114-PROJECT-01001893,United Nations Development Programme,PIMS-9909 Biodiversity Finance Plan Samoa,,2027-03-06,
WS,Samoa,XM-DAC-41114-PROJECT-01003874,United Nations Development Programme,Strengthening equitable access to fair justice for ALL in Samoa,,2026-12-31,
WS,Samoa,XM-DAC-41114-PROJECT-01005968,United Nations Development Programme,"Governance Towards Resilient, Inclusive, and  Sustainable Development across the Four Polynesian SIDS",,2026-12-31,
WS,Samoa,XM-DAC-41114-PROJECT-01006026,United Nations Development Programme,Strengthening the integrity and the transparent and the accountable governance in Samoa in partnership with th,,2027-03-01,
WS,Samoa,XM-DAC-41114-OUTPUT-01003417,United Nations Development Programme,Samsung for Tomorrow - Cook Islands,,2026-12-31,80869.0
WS,Samoa,XM-DAC-41114-OUTPUT-01002112,United Nations Development Programme,PIMS-9863 Biodiversity Finance Plan Cook Islands,,2027-03-05,80379.0
WS,Samoa,XM-DAC-41114-OUTPUT-01002111,United Nations Development Programme,PIMS-9901 Biodiversity Finance Plan Niue,,2027-03-05,67968.0
WS,Samoa,XM-DAC-41114-PROJECT-01002111,United Nations Development Programme,PIMS-9901 Biodiversity Finance Plan Niue,,2027-03-05,
WS,Samoa,XM-DAC-41114-PROJECT-01002112,United Nations Development Programme,PIMS-9863 Biodiversity Finance Plan Cook Islands,,2027-03-05,
WS,Samoa,XM-DAC-41114-PROJECT-01003417,United Nations Development Programme,Samsung for Tomorrow - Cook Islands,,2026-12-31,
