country_code,country_name,funder_ref,funder_name,latest_transaction_date,age_days,lifetime_usd
CK,Cook Islands,NZ-1,New Zealand Ministry of Foreign Affairs and Trade,2026-09-02,34,375217819.13
CK,Cook Islands,XM-DAC-46004,Asian Development Bank,2026-08-31,36,158761828.6
CK,Cook Islands,AU-5,Australian Aid,2020-06-30,2289,41671778.32
CK,Cook Islands,XM-DAC-41317,Green Climate Fund,2026-04-08,181,16212060.8
CK,Cook Islands,XI-BRIDGE-6385676864,Global Environment Facility,2025-11-14,326,11552535.0
CK,Cook Islands,47111,Adaptation Fund,2012-04-02,5300,1653620.0
CK,Cook Islands,XI-IATI-UNPF,UN Pooled Funds,2022-12-31,1375,1646614.66
CK,Cook Islands,XM-DAC-41301,Food and Agriculture Organization (FAO),2026-08-31,36,1605611.98
CK,Cook Islands,XM-DAC-928,World Health Organization,2026-09-04,32,1260673.39
CK,Cook Islands,XM-DAC-41116,UN Environment Programme,2025-05-01,523,533318.85
FJ,Fiji,AU-5,Australia Aid,2025-06-30,463,914101649.88
FJ,Fiji,XM-DAC-46004,Asian Development Bank,2026-08-31,36,795786208.5
FJ,Fiji,44000,World Bank,2026-08-31,36,607267382.0
FJ,Fiji,XM-DAC-41122,UNICEF,2026-08-31,36,501611219.5
FJ,Fiji,NZ-1,New Zealand Ministry of Foreign Affairs and Trade,2026-09-02,34,354544820.69
FJ,Fiji,XM-DAC-41114,United Nations Development Programme,2026-09-28,8,206488273.0
FJ,Fiji,US-GOV-1,U.S. Agency for International Development,2026-06-30,98,66352226.12
FJ,Fiji,XI-IATI-EC_INTPA,European Commission - Directorate-General for International Partnerships,2026-09-11,25,45040097.67
FJ,Fiji,XM-DAC-41317,Green Climate Fund,2026-04-24,165,41400417.17
FJ,Fiji,XM-DAC-41111,United Nations Capital Development Fund (UNCDF),2025-12-31,279,34675274.83
FM,Micronesia,US-GOV-9,Department of the Interior,2025-12-26,284,1927758746.85
FM,Micronesia,44000,World Bank,2026-06-30,98,180031960.0
FM,Micronesia,US-GOV-1,U.S. Agency for International Development,2026-06-30,98,123669613.81
FM,Micronesia,AU-5,Australia Aid,2025-06-30,463,75467660.14
FM,Micronesia,XM-DAC-46004,Asian Development Bank,2026-08-31,36,64730738.27
FM,Micronesia,NZ-1,New Zealand Ministry of Foreign Affairs and Trade,2026-09-02,34,15356218.12
FM,Micronesia,XI-BRIDGE-6385676864,Global Environment Facility,2026-03-12,208,14581808.05
FM,Micronesia,XM-DAC-41114,United Nations Development Programme,2026-09-28,8,14310071.0
FM,Micronesia,US-GOV-7,Department of Defense,2020-01-01,2470,10110967.26
FM,Micronesia,XI-IATI-EC_INTPA,European Commission - Directorate-General for International Partnerships,2025-12-16,294,9880235.7
KI,Kiribati,AU-5,Australia Aid,2025-06-30,463,352504036.42
KI,Kiribati,NZ-1,New Zealand Ministry of Foreign Affairs and Trade,2026-09-02,34,278315866.37
KI,Kiribati,44000,World Bank,2026-06-30,98,195036091.0
KI,Kiribati,XM-DAC-46004,Asian Development Bank,2026-08-31,36,127393219.84
KI,Kiribati,XI-IATI-WBTF,World Bank Trust Funds,2021-04-30,1985,48839070.82
KI,Kiribati,XM-DAC-41317,Green Climate Fund,2026-02-24,224,21732560.0
KI,Kiribati,XI-IATI-EC_INTPA,European Commission - Directorate-General for International Partnerships,2026-07-29,69,19681728.28
KI,Kiribati,XM-DAC-928,World Health Organization,2026-09-03,33,8221070.61
KI,Kiribati,XM-DAC-41108,International Fund for Agricultural Development,2023-05-26,1229,7108129.5
KI,Kiribati,XM-DAC-47136,Global Green Growth Institute (GGGI),2025-01-01,643,6874041.56
MH,Marshall Islands,US-GOV-9,Department of the Interior,2025-12-18,292,1823697104.15
MH,Marshall Islands,44000,World Bank,2026-06-30,98,195331566.0
MH,Marshall Islands,XM-DAC-46004,Asian Development Bank,2026-08-31,36,57285252.35
MH,Marshall Islands,XM-DAC-41317,Green Climate Fund,2026-04-08,181,52574621.39
MH,Marshall Islands,US-GOV-1,U.S. Agency for International Development,2026-06-30,98,48889396.37
MH,Marshall Islands,AU-5,Australia Aid,2025-06-30,463,40307002.83
MH,Marshall Islands,XM-DAC-41114,United Nations Development Programme,2026-09-28,8,34401200.0
MH,Marshall Islands,XI-IATI-WBTF,World Bank Trust Funds,2026-03-31,189,27717208.98
MH,Marshall Islands,NZ-1,New Zealand Ministry of Foreign Affairs and Trade,2026-09-02,34,24203177.19
MH,Marshall Islands,XI-BRIDGE-6385676864,Global Environment Facility,2025-11-14,326,14370356.03
NR,Nauru,AU-5,Australia Aid,2025-06-30,463,311611017.06
NR,Nauru,XM-DAC-46004,Asian Development Bank,2026-08-31,36,55896687.48
NR,Nauru,NZ-1,New Zealand Ministry of Foreign Affairs and Trade,2026-09-02,34,48269769.5
NR,Nauru,XM-DAC-41317,Green Climate Fund,2025-09-17,384,30458620.0
NR,Nauru,XM-DAC-41114,United Nations Development Programme,2026-08-31,36,10912043.0
NR,Nauru,XI-BRIDGE-6385676864,Global Environment Facility,2026-03-12,208,9212234.51
NR,Nauru,CA-3,"Foreign Affairs, Trade and Development Canada (DFATD)",2024-06-19,839,3269039.28
NR,Nauru,XM-DAC-41116,UN Environment Programme,2025-05-01,523,1137592.38
NR,Nauru,XM-DAC-41301,Food and Agriculture Organization (FAO),2026-08-31,36,693256.22
NR,Nauru,XI-IATI-CWSEC,The Commonwealth Secretariat,2025-12-20,290,512309.22
NU,Niue,NZ-1,New Zealand Ministry of Foreign Affairs and Trade,2026-09-02,34,281861996.04
NU,Niue,AU-5,Australia Aid,2025-06-30,463,38544382.47
NU,Niue,XI-BRIDGE-6385676864,Global Environment Facility,2026-03-12,208,13165624.74
NU,Niue,XM-DAC-41317,Green Climate Fund,2026-04-08,181,9663886.4
NU,Niue,XM-DAC-41114,United Nations Development Programme,2026-08-31,36,7538561.0
NU,Niue,CA-3,"Foreign Affairs, Trade and Development Canada (DFATD)",2024-06-19,839,806176.68
NU,Niue,XI-IATI-UNPF,UN Pooled Funds,2022-12-31,1375,591983.63
NU,Niue,XM-DAC-41301,Food and Agriculture Organization (FAO),2025-09-30,371,553551.26
NU,Niue,XM-DAC-47136,Global Green Growth Institute (GGGI),2025-01-01,643,315221.67
NU,Niue,XM-DAC-41116,UN Environment Programme,2025-05-01,523,257883.54
PG,Papua New Guinea,AU-5,Australia Aid,2025-06-30,463,5150953528.37
PG,Papua New Guinea,XM-DAC-46004,Asian Development Bank,2026-08-31,36,3281391855.03
PG,Papua New Guinea,44000,World Bank,2026-06-30,98,826405264.0
PG,Papua New Guinea,47045,"The Global Fund to Fight AIDS, Tuberculosis and Malaria",2026-07-01,97,452561033.5
PG,Papua New Guinea,NZ-1,New Zealand Ministry of Foreign Affairs and Trade,2026-09-02,34,436875396.11
PG,Papua New Guinea,XI-IATI-UNPF,UN Pooled Funds,2022-12-31,1375,431758820.51
PG,Papua New Guinea,US-501c3-522318905,AidData,2014-01-01,4661,340876649.5
PG,Papua New Guinea,XM-DAC-41122,UNICEF,2026-08-31,36,280959821.43
PG,Papua New Guinea,US-GOV-1,U.S. Agency for International Development,2026-06-30,98,268360050.28
PG,Papua New Guinea,XI-IATI-EC_INTPA,European Commission - Directorate-General for International Partnerships,2026-09-18,18,195808550.44
PW,Palau,US-GOV-9,Department of the Interior,2025-12-31,279,364563120.0
PW,Palau,XM-DAC-46004,Asian Development Bank,2026-08-31,36,180729283.1
PW,Palau,AU-5,Australia Aid,2025-06-30,463,56023543.28
PW,Palau,XI-BRIDGE-6385676864,Global Environment Facility,2026-03-12,208,18285478.61
PW,Palau,US-GOV-11,Department of State,2026-06-01,127,16645140.31
PW,Palau,NZ-1,New Zealand Ministry of Foreign Affairs and Trade,2026-09-02,34,15632817.72
PW,Palau,XM-DAC-41114,United Nations Development Programme,2026-08-31,36,14002221.0
PW,Palau,XM-DAC-41317,Green Climate Fund,2026-04-08,181,9886868.39
PW,Palau,US-GOV-7,Department of Defense,2020-01-01,2470,9336969.46
PW,Palau,US-GOV-1,U.S. Agency for International Development,2026-06-30,98,8658146.67
SB,Solomon Islands,AU-5,Australia Aid,2025-06-30,463,1920912869.8
SB,Solomon Islands,NZ-1,New Zealand Ministry of Foreign Affairs and Trade,2026-09-02,34,485624959.3
SB,Solomon Islands,44000,World Bank,2026-06-30,98,395021195.0
SB,Solomon Islands,XM-DAC-46004,Asian Development Bank,2026-08-31,36,293021655.13
SB,Solomon Islands,XI-IATI-WBTF,World Bank Trust Funds,2026-03-31,189,149499554.26
SB,Solomon Islands,XM-DAC-41317,Green Climate Fund,2026-06-22,106,94909869.5
SB,Solomon Islands,US-GOV-11,Department of State,2025-11-20,320,48855340.27
SB,Solomon Islands,XI-IATI-EC_INTPA,European Commission - Directorate-General for International Partnerships,2026-09-11,25,39550339.89
SB,Solomon Islands,XI-IATI-UNPF,UN Pooled Funds,2022-12-31,1375,33277330.65
SB,Solomon Islands,XM-DAC-41111,United Nations Capital Development Fund (UNCDF),2025-12-31,279,33030426.82
TO,Tonga,AU-5,Australia Aid,2025-06-30,463,450702381.52
TO,Tonga,NZ-1,New Zealand Ministry of Foreign Affairs and Trade,2026-09-03,33,363910639.52
TO,Tonga,44000,World Bank,2026-06-30,98,312514529.0
TO,Tonga,XM-DAC-46004,Asian Development Bank,2026-08-31,36,199644309.21
TO,Tonga,US-501c3-522318905,AidData,2014-01-01,4661,43961119.7
TO,Tonga,XM-DAC-41317,Green Climate Fund,2026-05-29,130,41745943.43
TO,Tonga,XI-IATI-WBTF,World Bank Trust Funds,2026-03-31,189,34123660.96
TO,Tonga,US-GOV-1,U.S. Agency for International Development,2026-04-30,159,23157185.78
TO,Tonga,XM-DAC-41108,International Fund for Agricultural Development,2025-10-24,347,18324577.2
TO,Tonga,US-GOV-10,Peace Corps,2025-12-31,279,13795122.21
TV,Tuvalu,AU-5,Australia Aid,2025-06-30,463,181145282.35
TV,Tuvalu,44000,World Bank,2026-06-30,98,172948008.0
TV,Tuvalu,NZ-1,New Zealand Ministry of Foreign Affairs and Trade,2026-09-02,34,161422096.99
TV,Tuvalu,XM-DAC-46004,Asian Development Bank,2026-08-31,36,61028825.14
TV,Tuvalu,XM-DAC-41317,Green Climate Fund,2026-04-08,181,45673886.4
TV,Tuvalu,XM-DAC-41114,United Nations Development Programme,2026-08-31,36,41281678.0
TV,Tuvalu,XM-DAC-41111,United Nations Capital Development Fund (UNCDF),2025-12-31,279,18582092.62
TV,Tuvalu,XI-BRIDGE-6385676864,Global Environment Facility,2026-03-12,208,15214340.95
TV,Tuvalu,CA-3,"Foreign Affairs, Trade and Development Canada (DFATD)",2026-07-17,81,5393396.54
TV,Tuvalu,XI-IATI-WBTF,World Bank Trust Funds,2024-11-30,675,4048535.42
VU,Vanuatu,AU-5,Australian Aid,2025-06-30,463,767693481.12
VU,Vanuatu,NZ-1,New Zealand Ministry of Foreign Affairs and Trade,2026-09-02,34,385288005.02
VU,Vanuatu,US-GOV-18,Millennium Challenge Corporation,2019-08-31,2593,302088334.52
VU,Vanuatu,44000,World Bank,2026-06-30,98,271317001.0
VU,Vanuatu,XM-DAC-46004,Asian Development Bank,2026-08-31,36,80132840.6
VU,Vanuatu,XM-DAC-41317,Green Climate Fund,2026-06-04,124,41401509.0
VU,Vanuatu,XI-IATI-WBTF,World Bank Trust Funds,2024-07-31,797,40725763.55
VU,Vanuatu,US-GOV-10,Peace Corps,2025-12-31,279,28003626.76
VU,Vanuatu,XM-DAC-47136,Global Green Growth Institute (GGGI),2025-04-01,553,19789137.67
VU,Vanuatu,XI-BRIDGE-6385676864,Global Environment Facility,2026-03-12,208,18448587.65
WS,Samoa,AU-5,Australian Aid,2025-06-30,463,440214548.52
WS,Samoa,NZ-1,New Zealand Ministry of Foreign Affairs and Trade,2026-09-03,33,381761267.36
WS,Samoa,44000,World Bank,2026-06-30,98,268924684.0
WS,Samoa,XM-DAC-46004,Asian Development Bank,2026-08-31,36,201902615.1
WS,Samoa,XM-DAC-41114,United Nations Development Programme,2026-09-28,8,78220220.0
WS,Samoa,US-501c3-522318905,AidData,2014-01-01,4661,61388471.6
WS,Samoa,XM-DAC-41111,United Nations Capital Development Fund (UNCDF),2020-12-31,2105,33619071.17
WS,Samoa,XM-DAC-41317,Green Climate Fund,2026-03-28,192,32099556.0
WS,Samoa,XI-IATI-EC_INTPA,European Commission - Directorate-General for International Partnerships,2026-08-19,48,26626109.47
WS,Samoa,XI-IATI-WBTF,World Bank Trust Funds,2026-03-31,189,26186815.45
